Time,Displacement,Force,Strain 1,Tensile displacement,Tensile stress,Tensile strain (Displacement)
(s),(mm),(kN),(%),(mm),(MPa),(%)
"0.0000","0.0964","0.0001","0.0024","-0.0003","0.0029","-0.0004"
"0.0200","0.0966","0.0001","0.0023","-0.0001","0.0017","-0.0002"
"0.0400","0.0972","0.0001","-0.0018","0.0004","0.0037","0.0006"
"0.0600","0.0988","0.0006","-0.0050","0.0020","0.0160","0.0026"
"0.0800","0.1010","0.0018","-0.0020","0.0043","0.0459","0.0053"
"0.1000","0.1030","0.0036","0.0053","0.0063","0.0916","0.0079"
"0.1200","0.1049","0.0055","-0.0013","0.0082","0.1408","0.0102"
"0.1400","0.1069","0.0073","-0.0054","0.0102","0.1858","0.0127"
"0.1600","0.1088","0.0089","0.0017","0.0120","0.2268","0.0150"
"0.1800","0.1108","0.0105","0.0004","0.0140","0.2695","0.0175"
"0.2000","0.1129","0.0123","-0.0007","0.0161","0.3145","0.0202"
"0.2200","0.1150","0.0140","-0.0016","0.0182","0.3584","0.0227"
"0.2400","0.1170","0.0157","-0.0019","0.0202","0.4029","0.0252"
"0.2600","0.1190","0.0175","0.0007","0.0223","0.4492","0.0278"
"0.2800","0.1213","0.0194","-0.0019","0.0245","0.4958","0.0306"
"0.3000","0.1232","0.0211","0.0001","0.0264","0.5410","0.0330"
"0.3200","0.1251","0.0229","0.0011","0.0283","0.5855","0.0354"
"0.3400","0.1270","0.0245","-0.0032","0.0302","0.6279","0.0377"
"0.3600","0.1289","0.0261","-0.0021","0.0322","0.6688","0.0401"
"0.3800","0.1309","0.0277","-0.0017","0.0342","0.7096","0.0427"
"0.4000","0.1330","0.0293","0.0011","0.0363","0.7504","0.0453"
"0.4200","0.1351","0.0309","0.0023","0.0383","0.7912","0.0478"
"0.4400","0.1368","0.0325","-0.0043","0.0401","0.8329","0.0501"
"0.4600","0.1387","0.0340","-0.0034","0.0419","0.8698","0.0524"
"0.4800","0.1407","0.0353","0.0000","0.0439","0.9041","0.0549"
"0.5000","0.1428","0.0366","0.0024","0.0461","0.9387","0.0575"
"0.5200","0.1450","0.0381","-0.0001","0.0483","0.9750","0.0602"
"0.5400","0.1471","0.0396","-0.0068","0.0503","1.0136","0.0628"
"0.5600","0.1491","0.0411","0.0005","0.0523","1.0525","0.0653"
"0.5800","0.1508","0.0427","0.0034","0.0541","1.0933","0.0675"
"0.6000","0.1527","0.0440","-0.0029","0.0560","1.1265","0.0699"
"0.6200","0.1548","0.0451","-0.0023","0.0580","1.1560","0.0725"
"0.6400","0.1569","0.0463","-0.0019","0.0602","1.1862","0.0751"
"0.6600","0.1590","0.0475","0.0010","0.0622","1.2178","0.0777"
"0.6800","0.1609","0.0485","0.0008","0.0641","1.2424","0.0801"
"0.7000","0.1628","0.0494","-0.0021","0.0661","1.2661","0.0825"
"0.7200","0.1647","0.0501","-0.0002","0.0680","1.2840","0.0848"
"0.7400","0.1667","0.0508","-0.0024","0.0700","1.3010","0.0874"
"0.7600","0.1689","0.0513","-0.0013","0.0721","1.3148","0.0900"
"0.7800","0.1709","0.0517","0.0015","0.0741","1.3238","0.0926"
"0.8000","0.1729","0.0520","-0.0016","0.0761","1.3331","0.0950"
"0.8200","0.1748","0.0526","-0.0004","0.0781","1.3465","0.0975"
"0.8400","0.1769","0.0531","-0.0004","0.0802","1.3598","0.1001"
"0.8600","0.1789","0.0533","-0.0022","0.0821","1.3642","0.1025"
"0.8800","0.1808","0.0534","0.0004","0.0840","1.3680","0.1049"
"0.9000","0.1827","0.0538","0.0004","0.0860","1.3770","0.1073"
"0.9200","0.1846","0.0539","0.0004","0.0879","1.3802","0.1097"
"0.9400","0.1866","0.0541","-0.0021","0.0899","1.3851","0.1122"
"0.9600","0.1887","0.0544","-0.0024","0.0919","1.3941","0.1148"
"0.9800","0.1908","0.0547","0.0030","0.0940","1.4011","0.1174"
"1.0000","0.1927","0.0551","-0.0008","0.0959","1.4123","0.1197"
"1.0200","0.1945","0.0553","-0.0038","0.0978","1.4159","0.1220"
"1.0400","0.1965","0.0554","0.0004","0.0997","1.4197","0.1245"
"1.0600","0.1986","0.0555","0.0002","0.1019","1.4209","0.1272"
"1.0800","0.2008","0.0556","0.0018","0.1041","1.4230","0.1299"
"1.1000","0.2029","0.0554","-0.0005","0.1062","1.4188","0.1325"
"1.1200","0.2050","0.0555","-0.0043","0.1082","1.4228","0.1351"
"1.1400","0.2068","0.0556","0.0004","0.1101","1.4235","0.1374"
"1.1600","0.2087","0.0556","0.0009","0.1119","1.4251","0.1397"
"1.1800","0.2108","0.0558","0.0022","0.1140","1.4282","0.1423"
"1.2000","0.2129","0.0559","-0.0009","0.1161","1.4312","0.1450"
"1.2200","0.2149","0.0559","-0.0051","0.1182","1.4331","0.1476"
"1.2400","0.2168","0.0559","0.0023","0.1201","1.4313","0.1499"
"1.2600","0.2188","0.0558","0.0004","0.1220","1.4305","0.1524"
"1.2800","0.2207","0.0558","-0.0018","0.1239","1.4298","0.1547"
"1.3000","0.2226","0.0559","0.0007","0.1259","1.4331","0.1572"
"1.3200","0.2248","0.0561","-0.0014","0.1280","1.4378","0.1598"
"1.3400","0.2268","0.0562","0.0014","0.1301","1.4384","0.1624"
"1.3600","0.2288","0.0564","-0.0013","0.1321","1.4437","0.1649"
"1.3800","0.2308","0.0564","-0.0007","0.1340","1.4446","0.1673"
"1.4000","0.2329","0.0565","0.0020","0.1362","1.4463","0.1700"
"1.4200","0.2349","0.0566","-0.0034","0.1382","1.4495","0.1725"
"1.4400","0.2368","0.0565","0.0009","0.1401","1.4478","0.1749"
"1.4600","0.2387","0.0566","0.0006","0.1420","1.4491","0.1773"
"1.4800","0.2407","0.0567","-0.0014","0.1439","1.4512","0.1797"
"1.5000","0.2427","0.0567","0.0013","0.1459","1.4511","0.1822"
"1.5200","0.2448","0.0566","-0.0029","0.1480","1.4507","0.1848"
"1.5400","0.2469","0.0566","-0.0001","0.1502","1.4508","0.1875"
"1.5600","0.2488","0.0567","0.0016","0.1521","1.4517","0.1899"
"1.5800","0.2506","0.0568","0.0005","0.1539","1.4544","0.1921"
"1.6000","0.2526","0.0569","-0.0004","0.1559","1.4576","0.1946"
"1.6200","0.2547","0.0570","-0.0032","0.1579","1.4597","0.1972"
"1.6400","0.2569","0.0570","0.0017","0.1601","1.4603","0.1999"
"1.6600","0.2590","0.0571","0.0020","0.1622","1.4624","0.2025"
"1.6800","0.2610","0.0572","-0.0031","0.1643","1.4646","0.2051"
"1.7000","0.2628","0.0572","-0.0025","0.1661","1.4654","0.2074"
"1.7200","0.2646","0.0573","0.0016","0.1679","1.4681","0.2096"
"1.7400","0.2666","0.0575","0.0018","0.1699","1.4722","0.2121"
"1.7600","0.2687","0.0575","-0.0003","0.1720","1.4728","0.2147"
"1.7800","0.2708","0.0575","-0.0027","0.1740","1.4737","0.2173"
"1.8000","0.2727","0.0576","-0.0016","0.1760","1.4763","0.2197"
"1.8200","0.2747","0.0578","0.0020","0.1779","1.4803","0.2221"
"1.8400","0.2766","0.0580","0.0009","0.1798","1.4864","0.2245"
"1.8600","0.2785","0.0580","0.0013","0.1817","1.4848","0.2269"
"1.8800","0.2806","0.0580","-0.0036","0.1839","1.4856","0.2296"
"1.9000","0.2827","0.0581","-0.0022","0.1860","1.4887","0.2322"
"1.9200","0.2848","0.0583","0.0033","0.1880","1.4928","0.2348"
"1.9400","0.2868","0.0583","-0.0016","0.1901","1.4935","0.2373"
"1.9600","0.2890","0.0583","0.0009","0.1922","1.4928","0.2400"
"1.9800","0.2910","0.0584","-0.0001","0.1942","1.4961","0.2425"
"2.0000","0.2929","0.0585","-0.0019","0.1961","1.4973","0.2449"
"2.0200","0.2949","0.0586","0.0006","0.1981","1.5013","0.2473"
"2.0400","0.2968","0.0588","0.0003","0.2001","1.5055","0.2498"
"2.0600","0.2988","0.0588","0.0031","0.2021","1.5067","0.2523"
"2.0800","0.3008","0.0589","-0.0028","0.2041","1.5088","0.2548"
"2.1000","0.3029","0.0590","-0.0035","0.2061","1.5101","0.2573"
"2.1200","0.3048","0.0590","0.0034","0.2080","1.5100","0.2597"
"2.1400","0.3066","0.0590","0.0013","0.2099","1.5108","0.2620"
"2.1600","0.3086","0.0591","-0.0011","0.2118","1.5127","0.2645"
"2.1800","0.3107","0.0591","-0.0024","0.2139","1.5129","0.2671"
"2.2000","0.3128","0.0591","-0.0007","0.2161","1.5126","0.2698"
"2.2200","0.3149","0.0591","0.0020","0.2182","1.5140","0.2724"
"2.2400","0.3169","0.0592","0.0007","0.2202","1.5159","0.2749"
"2.2600","0.3188","0.0592","-0.0001","0.2221","1.5172","0.2773"
"2.2800","0.3206","0.0593","-0.0012","0.2239","1.5196","0.2795"
"2.3000","0.3227","0.0593","-0.0020","0.2259","1.5202","0.2821"
"2.3200","0.3248","0.0594","0.0018","0.2280","1.5208","0.2847"
"2.3400","0.3269","0.0595","0.0016","0.2301","1.5233","0.2873"
"2.3600","0.3288","0.0596","-0.0015","0.2320","1.5261","0.2897"
"2.3800","0.3307","0.0597","0.0001","0.2340","1.5283","0.2921"
"2.4000","0.3327","0.0598","-0.0015","0.2360","1.5312","0.2946"
"2.4200","0.3346","0.0599","-0.0004","0.2379","1.5339","0.2970"
"2.4400","0.3368","0.0600","0.0021","0.2400","1.5368","0.2996"
"2.4600","0.3388","0.0599","-0.0001","0.2421","1.5352","0.3022"
"2.4800","0.3408","0.0600","-0.0010","0.2441","1.5381","0.3047"
"2.5000","0.3428","0.0602","-0.0023","0.2460","1.5410","0.3072"
"2.5200","0.3449","0.0601","0.0019","0.2481","1.5405","0.3098"
"2.5400","0.3470","0.0602","0.0032","0.2502","1.5413","0.3124"
"2.5600","0.3489","0.0603","-0.0038","0.2521","1.5440","0.3148"
"2.5800","0.3508","0.0604","-0.0020","0.2540","1.5462","0.3171"
"2.6000","0.3527","0.0603","0.0011","0.2559","1.5453","0.3195"
"2.6200","0.3546","0.0604","0.0015","0.2579","1.5464","0.3220"
"2.6400","0.3567","0.0604","0.0015","0.2599","1.5474","0.3245"
"2.6600","0.3588","0.0604","-0.0034","0.2621","1.5482","0.3272"
"2.6800","0.3608","0.0605","-0.0018","0.2641","1.5499","0.3297"
"2.7000","0.3626","0.0605","0.0012","0.2658","1.5507","0.3319"
"2.7200","0.3645","0.0606","0.0011","0.2678","1.5519","0.3343"
"2.7400","0.3666","0.0607","0.0006","0.2698","1.5551","0.3369"
"2.7600","0.3688","0.0609","-0.0042","0.2720","1.5608","0.3396"
"2.7800","0.3709","0.0610","0.0000","0.2742","1.5623","0.3423"
"2.8000","0.3731","0.0611","0.0037","0.2763","1.5641","0.3450"
"2.8200","0.3750","0.0612","-0.0017","0.2782","1.5672","0.3473"
"2.8400","0.3767","0.0611","-0.0014","0.2800","1.5660","0.3495"
"2.8600","0.3787","0.0611","-0.0004","0.2820","1.5653","0.3520"
"2.8800","0.3808","0.0611","0.0011","0.2841","1.5648","0.3546"
"2.9000","0.3829","0.0612","0.0010","0.2862","1.5671","0.3573"
"2.9200","0.3849","0.0612","-0.0024","0.2881","1.5676","0.3597"
"2.9400","0.3868","0.0613","0.0002","0.2901","1.5697","0.3621"
"2.9600","0.3887","0.0615","0.0000","0.2920","1.5745","0.3645"
"2.9800","0.3906","0.0616","-0.0009","0.2938","1.5778","0.3669"
"3.0000","0.3927","0.0618","0.0012","0.2959","1.5827","0.3694"
"3.0200","0.3948","0.0620","-0.0011","0.2980","1.5873","0.3721"
"3.0400","0.3968","0.0619","0.0005","0.3001","1.5867","0.3746"
"3.0600","0.3988","0.0622","0.0009","0.3020","1.5929","0.3771"
"3.0800","0.4008","0.0624","-0.0023","0.3041","1.5995","0.3796"
"3.1000","0.4029","0.0628","0.0005","0.3061","1.6093","0.3822"
"3.1200","0.4047","0.0632","0.0014","0.3080","1.6183","0.3845"
"3.1400","0.4067","0.0636","-0.0001","0.3099","1.6286","0.3870"
"3.1600","0.4087","0.0643","-0.0013","0.3119","1.6478","0.3894"
"3.1800","0.4107","0.0650","-0.0017","0.3139","1.6656","0.3919"
"3.2000","0.4127","0.0658","0.0028","0.3160","1.6863","0.3945"
"3.2200","0.4148","0.0668","0.0006","0.3181","1.7120","0.3971"
"3.2400","0.4169","0.0679","-0.0037","0.3201","1.7389","0.3997"
"3.2600","0.4187","0.0686","0.0014","0.3219","1.7563","0.4019"
"3.2800","0.4207","0.0692","0.0010","0.3239","1.7724","0.4044"
"3.3000","0.4227","0.0701","0.0006","0.3259","1.7950","0.4069"
"3.3200","0.4248","0.0712","-0.0003","0.3281","1.8229","0.4096"
"3.3400","0.4269","0.0721","-0.0039","0.3302","1.8472","0.4122"
"3.3600","0.4290","0.0728","0.0007","0.3322","1.8655","0.4148"
"3.3800","0.4309","0.0735","0.0007","0.3342","1.8829","0.4172"
"3.4000","0.4327","0.0742","0.0016","0.3359","1.9013","0.4194"
"3.4200","0.4347","0.0749","-0.0006","0.3379","1.9193","0.4219"
"3.4400","0.4367","0.0758","-0.0048","0.3400","1.9417","0.4245"
"3.4600","0.4388","0.0769","0.0029","0.3421","1.9697","0.4271"
"3.4800","0.4408","0.0782","0.0008","0.3440","2.0025","0.4295"
"3.5000","0.4427","0.0794","-0.0016","0.3459","2.0345","0.4319"
"3.5200","0.4447","0.0808","0.0004","0.3479","2.0694","0.4344"
"3.5400","0.4466","0.0822","-0.0018","0.3498","2.1049","0.4368"
"3.5600","0.4487","0.0835","0.0011","0.3519","2.1399","0.4394"
"3.5800","0.4508","0.0850","-0.0014","0.3541","2.1769","0.4420"
"3.6000","0.4528","0.0865","0.0001","0.3561","2.2148","0.4446"
"3.6200","0.4548","0.0879","0.0008","0.3581","2.2503","0.4470"
"3.6400","0.4569","0.0892","-0.0041","0.3601","2.2861","0.4496"
"3.6600","0.4591","0.0907","0.0015","0.3623","2.3236","0.4523"
"3.6800","0.4610","0.0922","0.0023","0.3642","2.3629","0.4547"
"3.7000","0.4629","0.0937","-0.0014","0.3661","2.4002","0.4571"
"3.7200","0.4648","0.0952","-0.0018","0.3680","2.4388","0.4595"
"3.7400","0.4668","0.0967","-0.0014","0.3700","2.4782","0.4620"
"3.7600","0.4688","0.0982","0.0009","0.3721","2.5157","0.4645"
"3.7800","0.4709","0.0997","0.0010","0.3742","2.5550","0.4672"
"3.8000","0.4730","0.1014","-0.0001","0.3762","2.5965","0.4697"
"3.8200","0.4747","0.1030","-0.0021","0.3780","2.6371","0.4719"
"3.8400","0.4766","0.1045","-0.0026","0.3799","2.6758","0.4743"
"3.8600","0.4787","0.1059","0.0015","0.3819","2.7122","0.4768"
"3.8800","0.4808","0.1075","0.0023","0.3841","2.7534","0.4795"
"3.9000","0.4830","0.1092","-0.0024","0.3862","2.7965","0.4822"
"3.9200","0.4851","0.1109","-0.0031","0.3883","2.8410","0.4848"
"3.9400","0.4870","0.1126","0.0006","0.3902","2.8847","0.4872"
"3.9600","0.4887","0.1143","0.0018","0.3919","2.9279","0.4893"
"3.9800","0.4906","0.1158","0.0007","0.3939","2.9659","0.4917"
"4.0000","0.4927","0.1173","-0.0024","0.3959","3.0045","0.4943"
"4.0200","0.4948","0.1190","-0.0029","0.3981","3.0493","0.4970"
"4.0400","0.4969","0.1207","0.0009","0.4001","3.0930","0.4995"
"4.0600","0.4988","0.1225","0.0012","0.4020","3.1385","0.5019"
"4.0800","0.5007","0.1242","0.0011","0.4040","3.1804","0.5044"
"4.1000","0.5026","0.1257","-0.0026","0.4059","3.2207","0.5067"
"4.1200","0.5047","0.1273","-0.0034","0.4079","3.2618","0.5093"
"4.1400","0.5068","0.1290","0.0028","0.4101","3.3046","0.5120"
"4.1600","0.5089","0.1308","0.0003","0.4121","3.3516","0.5145"
"4.1800","0.5108","0.1326","-0.0011","0.4141","3.3972","0.5170"
"4.2000","0.5128","0.1342","0.0005","0.4161","3.4374","0.5195"
"4.2200","0.5149","0.1358","-0.0019","0.4182","3.4789","0.5221"
"4.2400","0.5168","0.1375","-0.0008","0.4201","3.5230","0.5244"
"4.2600","0.5187","0.1392","-0.0005","0.4220","3.5653","0.5269"
"4.2800","0.5207","0.1408","0.0018","0.4239","3.6063","0.5293"
"4.3000","0.5226","0.1424","0.0007","0.4259","3.6474","0.5317"
"4.3200","0.5246","0.1440","-0.0047","0.4279","3.6891","0.5342"
"4.3400","0.5267","0.1457","0.0004","0.4299","3.7313","0.5368"
"4.3600","0.5288","0.1474","0.0024","0.4320","3.7764","0.5394"
"4.3800","0.5306","0.1492","-0.0003","0.4339","3.8216","0.5417"
"4.4000","0.5325","0.1508","-0.0010","0.4358","3.8624","0.5441"
"4.4200","0.5346","0.1524","-0.0037","0.4378","3.9041","0.5466"
"4.4400","0.5367","0.1540","0.0017","0.4400","3.9458","0.5493"
"4.4600","0.5389","0.1558","0.0026","0.4422","3.9909","0.5520"
"4.4800","0.5410","0.1576","-0.0017","0.4443","4.0367","0.5547"
"4.5000","0.5430","0.1594","-0.0019","0.4463","4.0831","0.5572"
"4.5200","0.5448","0.1612","-0.0028","0.4481","4.1285","0.5594"
"4.5400","0.5468","0.1627","0.0034","0.4500","4.1680","0.5618"
"4.5600","0.5489","0.1643","0.0019","0.4521","4.2074","0.5645"
"4.5800","0.5510","0.1659","-0.0037","0.4542","4.2484","0.5671"
"4.6000","0.5530","0.1676","-0.0003","0.4562","4.2937","0.5696"
"4.6200","0.5548","0.1695","-0.0001","0.4581","4.3414","0.5719"
"4.6400","0.5568","0.1711","0.0001","0.4600","4.3834","0.5744"
"4.6600","0.5587","0.1727","0.0004","0.4619","4.4238","0.5767"
"4.6800","0.5607","0.1743","-0.0007","0.4640","4.4645","0.5793"
"4.7000","0.5628","0.1760","-0.0006","0.4661","4.5085","0.5819"
"4.7200","0.5648","0.1778","-0.0014","0.4681","4.5530","0.5844"
"4.7400","0.5668","0.1795","0.0005","0.4701","4.5968","0.5869"
"4.7600","0.5688","0.1811","0.0020","0.4720","4.6389","0.5893"
"4.7800","0.5710","0.1828","-0.0017","0.4742","4.6826","0.5921"
"4.8000","0.5729","0.1845","-0.0022","0.4762","4.7259","0.5945"
"4.8200","0.5748","0.1862","0.0002","0.4781","4.7692","0.5968"
"4.8400","0.5767","0.1877","0.0005","0.4799","4.8089","0.5992"
"4.8600","0.5786","0.1894","0.0013","0.4819","4.8511","0.6016"
"4.8800","0.5807","0.1910","-0.0009","0.4839","4.8913","0.6042"
"4.9000","0.5827","0.1926","-0.0029","0.4860","4.9338","0.6067"
"4.9200","0.5849","0.1944","-0.0001","0.4881","4.9799","0.6094"
"4.9400","0.5868","0.1961","0.0020","0.4900","5.0236","0.6118"
"4.9600","0.5887","0.1977","0.0016","0.4919","5.0631","0.6141"
"4.9800","0.5907","0.1993","-0.0026","0.4939","5.1059","0.6167"
"5.0000","0.5928","0.2011","-0.0024","0.4960","5.1503","0.6193"
"5.0200","0.5950","0.2029","0.0028","0.4982","5.1960","0.6220"
"5.0400","0.5970","0.2046","0.0001","0.5003","5.2399","0.6246"
"5.0600","0.5990","0.2063","-0.0007","0.5023","5.2838","0.6271"
"5.0800","0.6008","0.2079","0.0004","0.5041","5.3244","0.6293"
"5.1000","0.6027","0.2093","-0.0010","0.5059","5.3624","0.6316"
"5.1200","0.6047","0.2109","0.0004","0.5079","5.4018","0.6342"
"5.1400","0.6068","0.2126","0.0004","0.5100","5.4444","0.6368"
"5.1600","0.6088","0.2143","0.0007","0.5121","5.4897","0.6393"
"5.1800","0.6107","0.2159","-0.0005","0.5140","5.5306","0.6417"
"5.2000","0.6127","0.2175","-0.0020","0.5159","5.5717","0.6441"
"5.2200","0.6146","0.2191","0.0027","0.5178","5.6123","0.6465"
"5.2400","0.6165","0.2207","0.0013","0.5198","5.6544","0.6489"
"5.2600","0.6187","0.2224","-0.0015","0.5219","5.6959","0.6516"
"5.2800","0.6208","0.2241","0.0004","0.5240","5.7392","0.6543"
"5.3000","0.6228","0.2258","-0.0015","0.5261","5.7830","0.6568"
"5.3200","0.6248","0.2275","0.0011","0.5281","5.8265","0.6593"
"5.3400","0.6270","0.2292","0.0022","0.5302","5.8704","0.6620"
"5.3600","0.6289","0.2309","-0.0010","0.5322","5.9150","0.6644"
"5.3800","0.6309","0.2325","-0.0009","0.5341","5.9562","0.6669"
"5.4000","0.6328","0.2341","-0.0015","0.5361","5.9969","0.6693"
"5.4200","0.6348","0.2357","0.0030","0.5380","6.0374","0.6717"
"5.4400","0.6368","0.2373","0.0017","0.5400","6.0776","0.6742"
"5.4600","0.6388","0.2389","-0.0037","0.5420","6.1206","0.6767"
"5.4800","0.6409","0.2407","0.0007","0.5441","6.1644","0.6793"
"5.5000","0.6427","0.2424","0.0010","0.5460","6.2092","0.6816"
"5.5200","0.6446","0.2440","0.0006","0.5478","6.2504","0.6839"
"5.5400","0.6466","0.2455","0.0003","0.5498","6.2877","0.6865"
"5.5600","0.6487","0.2471","-0.0017","0.5519","6.3286","0.6891"
"5.5800","0.6508","0.2488","0.0006","0.5541","6.3735","0.6917"
"5.6000","0.6529","0.2506","-0.0004","0.5561","6.4181","0.6943"
"5.6200","0.6549","0.2523","0.0014","0.5582","6.4619","0.6969"
"5.6400","0.6568","0.2539","0.0013","0.5600","6.5047","0.6992"
"5.6600","0.6586","0.2555","-0.0033","0.5619","6.5458","0.7015"
"5.6800","0.6607","0.2570","0.0008","0.5640","6.5832","0.7041"
"5.7000","0.6628","0.2586","0.0014","0.5661","6.6235","0.7068"
"5.7200","0.6649","0.2603","-0.0005","0.5681","6.6684","0.7093"
"5.7400","0.6668","0.2621","0.0006","0.5701","6.7133","0.7117"
"5.7600","0.6688","0.2636","-0.0012","0.5720","6.7528","0.7142"
"5.7800","0.6707","0.2653","-0.0008","0.5740","6.7956","0.7166"
"5.8000","0.6727","0.2670","-0.0006","0.5759","6.8389","0.7190"
"5.8200","0.6748","0.2686","0.0005","0.5781","6.8812","0.7217"
"5.8400","0.6769","0.2704","0.0027","0.5801","6.9253","0.7243"
"5.8600","0.6788","0.2721","-0.0016","0.5821","6.9690","0.7267"
"5.8800","0.6808","0.2736","-0.0016","0.5841","7.0091","0.7292"
"5.9000","0.6829","0.2752","0.0023","0.5862","7.0493","0.7319"
"5.9200","0.6849","0.2770","0.0002","0.5882","7.0954","0.7343"
"5.9400","0.6868","0.2787","-0.0007","0.5901","7.1391","0.7367"
"5.9600","0.6887","0.2803","-0.0020","0.5920","7.1790","0.7391"
"5.9800","0.6906","0.2819","-0.0012","0.5939","7.2209","0.7414"
"6.0000","0.6926","0.2834","0.0027","0.5959","7.2599","0.7439"
"6.0200","0.6947","0.2850","0.0007","0.5979","7.3005","0.7465"
"6.0400","0.6968","0.2867","-0.0010","0.6000","7.3428","0.7491"
"6.0600","0.6987","0.2884","-0.0030","0.6020","7.3874","0.7515"
"6.0800","0.7005","0.2901","-0.0001","0.6038","7.4299","0.7538"
"6.1000","0.7025","0.2916","0.0044","0.6058","7.4700","0.7563"
"6.1200","0.7046","0.2933","-0.0006","0.6079","7.5136","0.7589"
"6.1400","0.7068","0.2950","-0.0021","0.6101","7.5562","0.7617"
"6.1600","0.7090","0.2968","-0.0007","0.6122","7.6013","0.7644"
"6.1800","0.7111","0.2986","0.0001","0.6143","7.6483","0.7670"
"6.2000","0.7129","0.3002","0.0015","0.6162","7.6899","0.7693"
"6.2200","0.7147","0.3017","0.0000","0.6180","7.7277","0.7715"
"6.2400","0.7168","0.3033","-0.0015","0.6200","7.7691","0.7741"
"6.2600","0.7189","0.3049","-0.0014","0.6221","7.8108","0.7767"
"6.2800","0.7209","0.3066","0.0000","0.6242","7.8525","0.7793"
"6.3000","0.7229","0.3082","0.0023","0.6261","7.8955","0.7817"
"6.3200","0.7248","0.3100","-0.0003","0.6281","7.9401","0.7841"
"6.3400","0.7267","0.3116","-0.0037","0.6300","7.9817","0.7865"
"6.3600","0.7286","0.3132","0.0011","0.6319","8.0216","0.7889"
"6.3800","0.7307","0.3148","0.0011","0.6340","8.0631","0.7915"
"6.4000","0.7328","0.3164","-0.0004","0.6361","8.1039","0.7942"
"6.4200","0.7348","0.3180","0.0009","0.6381","8.1467","0.7967"
"6.4400","0.7368","0.3197","-0.0024","0.6401","8.1903","0.7991"
"6.4600","0.7389","0.3214","0.0001","0.6422","8.2324","0.8017"
"6.4800","0.7409","0.3231","0.0000","0.6442","8.2758","0.8042"
"6.5000","0.7428","0.3247","0.0006","0.6460","8.3162","0.8066"
"6.5200","0.7447","0.3262","0.0012","0.6480","8.3546","0.8090"
"6.5400","0.7467","0.3277","-0.0036","0.6499","8.3952","0.8114"
"6.5600","0.7487","0.3295","0.0005","0.6520","8.4396","0.8140"
"6.5800","0.7507","0.3312","0.0004","0.6540","8.4832","0.8165"
"6.6000","0.7528","0.3328","-0.0001","0.6561","8.5253","0.8191"
"6.6200","0.7548","0.3345","0.0016","0.6580","8.5670","0.8215"
"6.6400","0.7566","0.3361","-0.0024","0.6599","8.6091","0.8239"
"6.6600","0.7586","0.3376","-0.0004","0.6619","8.6478","0.8264"
"6.6800","0.7607","0.3392","0.0010","0.6639","8.6879","0.8289"
"6.7000","0.7628","0.3409","0.0011","0.6661","8.7313","0.8316"
"6.7200","0.7649","0.3426","-0.0001","0.6682","8.7758","0.8342"
"6.7400","0.7670","0.3442","-0.0043","0.6702","8.8177","0.8367"
"6.7600","0.7688","0.3459","0.0008","0.6721","8.8614","0.8391"
"6.7800","0.7706","0.3476","0.0030","0.6739","8.9033","0.8413"
"6.8000","0.7726","0.3491","-0.0008","0.6759","8.9426","0.8438"
"6.8200","0.7747","0.3507","-0.0004","0.6780","8.9828","0.8464"
"6.8400","0.7768","0.3523","-0.0015","0.6800","9.0251","0.8490"
"6.8600","0.7787","0.3540","-0.0005","0.6820","9.0668","0.8514"
"6.8800","0.7807","0.3556","0.0017","0.6839","9.1092","0.8539"
"6.9000","0.7827","0.3573","0.0013","0.6859","9.1517","0.8564"
"6.9200","0.7846","0.3588","-0.0004","0.6878","9.1895","0.8588"
"6.9400","0.7867","0.3604","-0.0036","0.6900","9.2305","0.8614"
"6.9600","0.7888","0.3621","0.0001","0.6921","9.2758","0.8641"
"6.9800","0.7909","0.3638","0.0040","0.6941","9.3188","0.8666"
"7.0000","0.7929","0.3655","-0.0010","0.6961","9.3618","0.8691"
"7.0200","0.7950","0.3671","-0.0028","0.6982","9.4035","0.8718"
"7.0400","0.7971","0.3688","0.0001","0.7004","9.4478","0.8744"
"7.0600","0.7990","0.3705","0.0012","0.7023","9.4903","0.8768"
"7.0800","0.8009","0.3722","0.0015","0.7042","9.5331","0.8792"
"7.1000","0.8028","0.3737","-0.0002","0.7061","9.5729","0.8815"
"7.1200","0.8048","0.3752","-0.0019","0.7081","9.6113","0.8840"
"7.1400","0.8069","0.3768","0.0000","0.7101","9.6521","0.8866"
"7.1600","0.8090","0.3785","0.0015","0.7122","9.6950","0.8892"
"7.1800","0.8109","0.3802","0.0013","0.7142","9.7387","0.8916"
"7.2000","0.8127","0.3818","-0.0010","0.7160","9.7805","0.8939"
"7.2200","0.8146","0.3833","-0.0025","0.7179","9.8174","0.8963"
"7.2400","0.8167","0.3848","0.0019","0.7199","9.8565","0.8988"
"7.2600","0.8189","0.3864","0.0006","0.7221","9.8979","0.9015"
"7.2800","0.8210","0.3882","-0.0010","0.7243","9.9430","0.9042"
"7.3000","0.8230","0.3898","0.0014","0.7263","9.9858","0.9068"
"7.3200","0.8249","0.3915","-0.0008","0.7281","10.0275","0.9091"
"7.3400","0.8266","0.3931","0.0003","0.7299","10.0684","0.9112"
"7.3600","0.8286","0.3945","-0.0001","0.7319","10.1061","0.9137"
"7.3800","0.8307","0.3961","0.0009","0.7340","10.1451","0.9164"
"7.4000","0.8328","0.3978","0.0018","0.7361","10.1885","0.9190"
"7.4200","0.8349","0.3994","-0.0028","0.7381","10.2317","0.9215"
"7.4400","0.8368","0.4011","0.0014","0.7400","10.2735","0.9239"
"7.4600","0.8387","0.4026","0.0010","0.7419","10.3127","0.9263"
"7.4800","0.8406","0.4041","-0.0010","0.7438","10.3513","0.9287"
"7.5000","0.8427","0.4056","0.0021","0.7460","10.3890","0.9313"
"7.5200","0.8448","0.4073","-0.0023","0.7481","10.4322","0.9340"
"7.5400","0.8469","0.4088","-0.0002","0.7501","10.4720","0.9365"
"7.5600","0.8488","0.4105","0.0023","0.7521","10.5153","0.9389"
"7.5800","0.8508","0.4122","0.0011","0.7541","10.5576","0.9415"
"7.6000","0.8529","0.4137","0.0001","0.7561","10.5964","0.9440"
"7.6200","0.8547","0.4150","-0.0031","0.7580","10.6306","0.9463"
"7.6400","0.8567","0.4163","0.0015","0.7599","10.6647","0.9488"
"7.6600","0.8586","0.4178","0.0037","0.7619","10.7029","0.9512"
"7.6800","0.8607","0.4194","-0.0011","0.7639","10.7420","0.9537"
"7.7000","0.8627","0.4209","-0.0013","0.7659","10.7824","0.9563"
"7.7200","0.8647","0.4226","-0.0006","0.7680","10.8253","0.9588"
"7.7400","0.8668","0.4243","0.0015","0.7700","10.8675","0.9614"
"7.7600","0.8686","0.4259","0.0030","0.7718","10.9082","0.9636"
"7.7800","0.8705","0.4274","-0.0018","0.7738","10.9476","0.9660"
"7.8000","0.8726","0.4289","-0.0015","0.7759","10.9852","0.9687"
"7.8200","0.8748","0.4305","0.0008","0.7781","11.0275","0.9714"
"7.8400","0.8769","0.4322","0.0022","0.7802","11.0717","0.9740"
"7.8600","0.8790","0.4340","0.0023","0.7822","11.1161","0.9766"
"7.8800","0.8809","0.4357","-0.0036","0.7842","11.1605","0.9791"
"7.9000","0.8827","0.4372","0.0001","0.7860","11.1995","0.9813"
"7.9200","0.8848","0.4386","0.0036","0.7880","11.2345","0.9838"
"7.9400","0.8869","0.4402","-0.0006","0.7901","11.2759","0.9865"
"7.9600","0.8889","0.4418","0.0004","0.7922","11.3175","0.9890"
"7.9800","0.8909","0.4434","-0.0005","0.7941","11.3583","0.9915"
"8.0000","0.8928","0.4452","0.0002","0.7960","11.4028","0.9938"
"8.0200","0.8947","0.4467","0.0007","0.7980","11.4422","0.9963"
"8.0400","0.8966","0.4482","-0.0005","0.7999","11.4801","0.9986"
"8.0600","0.8987","0.4497","0.0018","0.8019","11.5191","1.0012"
"8.0800","0.9008","0.4513","-0.0007","0.8040","11.5595","1.0038"
"8.1000","0.9028","0.4529","-0.0005","0.8061","11.6007","1.0064"
"8.1200","0.9048","0.4546","0.0017","0.8080","11.6439","1.0088"
"8.1400","0.9068","0.4562","-0.0001","0.8101","11.6862","1.0114"
"8.1600","0.9090","0.4579","0.0013","0.8122","11.7292","1.0140"
"8.1800","0.9108","0.4596","0.0006","0.8141","11.7717","1.0164"
"8.2000","0.9128","0.4610","-0.0011","0.8160","11.8094","1.0188"
"8.2200","0.9147","0.4626","0.0003","0.8179","11.8487","1.0212"
"8.2400","0.9167","0.4642","0.0018","0.8199","11.8892","1.0236"
"8.2600","0.9187","0.4657","0.0018","0.8220","11.9288","1.0262"
"8.2800","0.9208","0.4673","-0.0020","0.8241","11.9690","1.0289"
"8.3000","0.9229","0.4690","-0.0016","0.8262","12.0122","1.0315"
"8.3200","0.9247","0.4706","0.0031","0.8280","12.0541","1.0337"
"8.3400","0.9266","0.4721","0.0021","0.8299","12.0936","1.0361"
"8.3600","0.9286","0.4737","-0.0009","0.8319","12.1333","1.0386"
"8.3800","0.9307","0.4752","-0.0005","0.8340","12.1713","1.0412"
"8.4000","0.9329","0.4769","-0.0010","0.8362","12.2145","1.0440"
"8.4200","0.9350","0.4786","0.0009","0.8383","12.2595","1.0466"
"8.4400","0.9370","0.4803","0.0033","0.8402","12.3038","1.0490"
"8.4600","0.9387","0.4819","-0.0001","0.8420","12.3444","1.0512"
"8.4800","0.9406","0.4834","-0.0024","0.8439","12.3815","1.0536"
"8.5000","0.9427","0.4848","-0.0009","0.8459","12.4188","1.0561"
"8.5200","0.9448","0.4863","0.0029","0.8480","12.4573","1.0587"
"8.5400","0.9468","0.4880","0.0027","0.8500","12.4990","1.0612"
"8.5600","0.9487","0.4896","-0.0024","0.8519","12.5408","1.0636"
"8.5800","0.9506","0.4912","-0.0013","0.8539","12.5817","1.0661"
"8.6000","0.9525","0.4927","0.0015","0.8558","12.6205","1.0684"
"8.6200","0.9545","0.4942","0.0017","0.8578","12.6586","1.0709"
"8.6400","0.9567","0.4957","0.0018","0.8599","12.6978","1.0736"
"8.6600","0.9588","0.4973","-0.0019","0.8620","12.7383","1.0762"
"8.6800","0.9608","0.4990","-0.0018","0.8640","12.7828","1.0787"
"8.7000","0.9629","0.5007","0.0015","0.8661","12.8250","1.0813"
"8.7200","0.9650","0.5024","0.0022","0.8683","12.8678","1.0840"
"8.7400","0.9669","0.5040","0.0016","0.8701","12.9103","1.0864"
"8.7600","0.9689","0.5056","-0.0030","0.8721","12.9510","1.0888"
"8.7800","0.9708","0.5071","-0.0004","0.8741","12.9904","1.0913"
"8.8000","0.9728","0.5086","0.0036","0.8760","13.0267","1.0937"
"8.8200","0.9748","0.5101","-0.0009","0.8781","13.0668","1.0963"
"8.8400","0.9768","0.5117","0.0007","0.8801","13.1076","1.0988"
"8.8600","0.9789","0.5134","0.0001","0.8821","13.1494","1.1013"
"8.8800","0.9807","0.5150","-0.0012","0.8840","13.1923","1.1036"
"8.9000","0.9826","0.5165","0.0011","0.8859","13.2292","1.1060"
"8.9200","0.9847","0.5179","0.0004","0.8879","13.2671","1.1086"
"8.9400","0.9868","0.5195","0.0024","0.8901","13.3081","1.1112"
"8.9600","0.9889","0.5212","-0.0020","0.8922","13.3515","1.1139"
"8.9800","0.9910","0.5229","-0.0016","0.8942","13.3940","1.1164"
"9.0000","0.9930","0.5245","0.0029","0.8962","13.4360","1.1189"
"9.0200","0.9947","0.5262","-0.0005","0.8980","13.4775","1.1211"
"9.0400","0.9966","0.5276","0.0012","0.8999","13.5149","1.1235"
"9.0600","0.9987","0.5289","-0.0011","0.9020","13.5481","1.1261"
"9.0800","1.0008","0.5305","-0.0017","0.9041","13.5897","1.1287"
"9.1000","1.0028","0.5323","0.0022","0.9061","13.6360","1.1312"
"9.1200","1.0048","0.5339","0.0012","0.9080","13.6767","1.1336"
"9.1400","1.0067","0.5354","0.0009","0.9100","13.7149","1.1361"
"9.1600","1.0086","0.5369","-0.0021","0.9119","13.7525","1.1385"
"9.1800","1.0107","0.5384","-0.0010","0.9139","13.7913","1.1411"
"9.2000","1.0128","0.5400","0.0025","0.9161","13.8325","1.1437"
"9.2200","1.0148","0.5417","0.0006","0.9181","13.8758","1.1462"
"9.2400","1.0168","0.5433","-0.0001","0.9200","13.9166","1.1486"
"9.2600","1.0188","0.5448","-0.0004","0.9220","13.9547","1.1511"
"9.2800","1.0209","0.5463","-0.0005","0.9241","13.9928","1.1538"
"9.3000","1.0228","0.5480","0.0005","0.9261","14.0365","1.1562"
"9.3200","1.0247","0.5496","0.0017","0.9280","14.0767","1.1586"
"9.3400","1.0266","0.5511","0.0005","0.9299","14.1162","1.1610"
"9.3600","1.0286","0.5526","-0.0016","0.9318","14.1547","1.1634"
"9.3800","1.0306","0.5541","-0.0003","0.9338","14.1933","1.1659"
"9.4000","1.0327","0.5556","0.0026","0.9359","14.2314","1.1685"
"9.4200","1.0348","0.5573","0.0016","0.9380","14.2746","1.1711"
"9.4400","1.0366","0.5589","-0.0025","0.9399","14.3157","1.1734"
"9.4600","1.0385","0.5603","0.0000","0.9417","14.3520","1.1758"
"9.4800","1.0405","0.5618","0.0012","0.9438","14.3905","1.1783"
"9.5000","1.0426","0.5634","0.0009","0.9459","14.4313","1.1809"
"9.5200","1.0449","0.5651","0.0016","0.9481","14.4741","1.1837"
"9.5400","1.0470","0.5668","-0.0027","0.9502","14.5189","1.1863"
"9.5600","1.0490","0.5685","-0.0004","0.9523","14.5632","1.1889"
"9.5800","1.0508","0.5701","0.0026","0.9541","14.6020","1.1912"
"9.6000","1.0527","0.5715","0.0015","0.9560","14.6381","1.1935"
"9.6200","1.0548","0.5729","-0.0003","0.9580","14.6743","1.1961"
"9.6400","1.0569","0.5744","-0.0033","0.9601","14.7143","1.1987"
"9.6600","1.0589","0.5761","0.0019","0.9622","14.7569","1.2013"
"9.6800","1.0608","0.5777","0.0032","0.9641","14.7988","1.2037"
"9.7000","1.0628","0.5793","-0.0019","0.9660","14.8381","1.2061"
"9.7200","1.0646","0.5807","-0.0006","0.9679","14.8741","1.2084"
"9.7400","1.0666","0.5822","0.0001","0.9699","14.9135","1.2109"
"9.7600","1.0688","0.5838","0.0012","0.9720","14.9541","1.2135"
"9.7800","1.0708","0.5853","0.0015","0.9741","14.9924","1.2161"
"9.8000","1.0728","0.5869","-0.0009","0.9761","15.0343","1.2186"
"9.8200","1.0748","0.5886","-0.0005","0.9781","15.0765","1.2211"
"9.8400","1.0769","0.5902","-0.0001","0.9802","15.1171","1.2237"
"9.8600","1.0788","0.5918","0.0010","0.9821","15.1589","1.2261"
"9.8800","1.0807","0.5933","0.0009","0.9840","15.1973","1.2285"
"9.9000","1.0827","0.5948","-0.0016","0.9859","15.2351","1.2309"
"9.9200","1.0846","0.5962","0.0010","0.9879","15.2710","1.2334"
"9.9400","1.0867","0.5977","0.0014","0.9899","15.3091","1.2359"
"9.9600","1.0887","0.5992","-0.0020","0.9920","15.3488","1.2385"
"9.9800","1.0908","0.6009","0.0007","0.9941","15.3913","1.2411"
"10.0000","1.0927","0.6024","0.0018","0.9960","15.4314","1.2435"
"10.0200","1.0946","0.6040","0.0003","0.9979","15.4709","1.2458"
"10.0400","1.0966","0.6055","-0.0014","0.9999","15.5106","1.2483"
"10.0600","1.0987","0.6070","-0.0017","1.0019","15.5489","1.2509"
"10.0800","1.1009","0.6086","0.0040","1.0041","15.5896","1.2536"
"10.1000","1.1029","0.6102","0.0003","1.0062","15.6292","1.2562"
"10.1200","1.1050","0.6117","-0.0031","1.0082","15.6697","1.2587"
"10.1400","1.1068","0.6133","0.0005","1.0100","15.7107","1.2610"
"10.1600","1.1086","0.6148","-0.0003","1.0119","15.7490","1.2633"
"10.1800","1.1107","0.6162","0.0024","1.0139","15.7847","1.2659"
"10.2000","1.1128","0.6178","0.0008","1.0160","15.8236","1.2685"
"10.2200","1.1148","0.6194","-0.0036","1.0181","15.8666","1.2711"
"10.2400","1.1168","0.6210","-0.0004","1.0200","15.9065","1.2735"
"10.2600","1.1187","0.6225","0.0022","1.0220","15.9460","1.2759"
"10.2800","1.1206","0.6240","0.0027","1.0239","15.9846","1.2783"
"10.3000","1.1226","0.6255","-0.0019","1.0258","16.0227","1.2807"
"10.3200","1.1247","0.6270","-0.0035","1.0280","16.0606","1.2834"
"10.3400","1.1268","0.6286","0.0027","1.0301","16.1025","1.2860"
"10.3600","1.1288","0.6303","0.0017","1.0321","16.1458","1.2886"
"10.3800","1.1308","0.6319","0.0001","1.0341","16.1870","1.2911"
"10.4000","1.1330","0.6334","-0.0002","1.0363","16.2234","1.2938"
"10.4200","1.1350","0.6349","-0.0021","1.0383","16.2635","1.2963"
"10.4400","1.1370","0.6365","0.0011","1.0403","16.3050","1.2987"
"10.4600","1.1389","0.6381","0.0014","1.0422","16.3442","1.3011"
"10.4800","1.1408","0.6395","0.0013","1.0441","16.3811","1.3035"
"10.5000","1.1428","0.6410","-0.0002","1.0461","16.4187","1.3060"
"10.5200","1.1449","0.6425","-0.0034","1.0481","16.4575","1.3086"
"10.5400","1.1469","0.6441","0.0017","1.0502","16.4981","1.3111"
"10.5600","1.1488","0.6456","0.0029","1.0521","16.5378","1.3135"
"10.5800","1.1506","0.6471","-0.0007","1.0539","16.5752","1.3157"
"10.6000","1.1526","0.6486","-0.0009","1.0558","16.6133","1.3182"
"10.6200","1.1547","0.6501","-0.0011","1.0579","16.6519","1.3208"
"10.6400","1.1569","0.6517","0.0005","1.0601","16.6934","1.3236"
"10.6600","1.1590","0.6533","0.0024","1.0622","16.7346","1.3262"
"10.6800","1.1610","0.6549","-0.0001","1.0643","16.7748","1.3288"
"10.7000","1.1629","0.6564","-0.0018","1.0661","16.8148","1.3310"
"10.7200","1.1647","0.6579","-0.0004","1.0679","16.8519","1.3333"
"10.7400","1.1667","0.6594","0.0014","1.0700","16.8895","1.3358"
"10.7600","1.1688","0.6609","0.0019","1.0721","16.9289","1.3385"
"10.7800","1.1709","0.6625","-0.0018","1.0742","16.9705","1.3411"
"10.8000","1.1728","0.6640","-0.0006","1.0761","17.0094","1.3435"
"10.8200","1.1748","0.6654","0.0017","1.0780","17.0452","1.3459"
"10.8400","1.1767","0.6669","-0.0017","1.0799","17.0831","1.3483"
"10.8600","1.1787","0.6684","0.0016","1.0819","17.1201","1.3507"
"10.8800","1.1808","0.6699","0.0008","1.0841","17.1597","1.3534"
"10.9000","1.1829","0.6715","-0.0010","1.0862","17.1994","1.3561"
"10.9200","1.1849","0.6731","0.0001","1.0882","17.2411","1.3586"
"10.9400","1.1869","0.6747","-0.0015","1.0901","17.2822","1.3610"
"10.9600","1.1889","0.6762","0.0037","1.0922","17.3214","1.3636"
"10.9800","1.1909","0.6778","0.0006","1.0942","17.3627","1.3661"
"11.0000","1.1928","0.6793","-0.0026","1.0961","17.3994","1.3684"
"11.0200","1.1948","0.6807","0.0006","1.0980","17.4368","1.3709"
"11.0400","1.1967","0.6822","-0.0004","1.1000","17.4751","1.3733"
"11.0600","1.1987","0.6837","0.0045","1.1019","17.5140","1.3758"
"11.0800","1.2007","0.6852","0.0004","1.1039","17.5502","1.3783"
"11.1000","1.2028","0.6867","-0.0046","1.1060","17.5886","1.3809"
"11.1200","1.2047","0.6883","0.0007","1.1080","17.6294","1.3833"
"11.1400","1.2066","0.6897","0.0020","1.1098","17.6676","1.3856"
"11.1600","1.2086","0.6911","0.0032","1.1118","17.7032","1.3881"
"11.1800","1.2107","0.6927","-0.0027","1.1139","17.7422","1.3907"
"11.2000","1.2128","0.6942","-0.0040","1.1161","17.7822","1.3934"
"11.2200","1.2149","0.6959","0.0042","1.1182","17.8245","1.3961"
"11.2400","1.2170","0.6974","0.0010","1.1203","17.8645","1.3987"
"11.2600","1.2189","0.6989","-0.0003","1.1222","17.9023","1.4010"
"11.2800","1.2207","0.7003","-0.0003","1.1240","17.9382","1.4033"
"11.3000","1.2228","0.7018","-0.0019","1.1261","17.9752","1.4059"
"11.3200","1.2249","0.7032","0.0027","1.1281","18.0135","1.4085"
"11.3400","1.2269","0.7048","0.0010","1.1302","18.0533","1.4110"
"11.3600","1.2288","0.7063","-0.0005","1.1321","18.0920","1.4134"
"11.3800","1.2308","0.7078","-0.0009","1.1340","18.1307","1.4158"
"11.4000","1.2327","0.7093","-0.0011","1.1360","18.1681","1.4182"
"11.4200","1.2346","0.7107","0.0026","1.1379","18.2052","1.4206"
"11.4400","1.2367","0.7122","0.0000","1.1400","18.2440","1.4232"
"11.4600","1.2388","0.7137","-0.0006","1.1420","18.2818","1.4258"
"11.4800","1.2408","0.7152","0.0011","1.1440","18.3187","1.4283"
"11.5000","1.2427","0.7167","-0.0006","1.1460","18.3583","1.4308"
"11.5200","1.2449","0.7181","0.0004","1.1481","18.3945","1.4334"
"11.5400","1.2470","0.7196","0.0016","1.1502","18.4315","1.4360"
"11.5600","1.2488","0.7210","0.0002","1.1521","18.4681","1.4384"
"11.5800","1.2507","0.7224","-0.0011","1.1540","18.5049","1.4408"
"11.6000","1.2527","0.7237","-0.0004","1.1559","18.5385","1.4432"
"11.6200","1.2547","0.7251","0.0021","1.1579","18.5735","1.4456"
"11.6400","1.2567","0.7266","0.0011","1.1600","18.6117","1.4482"
"11.6600","1.2589","0.7282","-0.0023","1.1621","18.6522","1.4509"
"11.6800","1.2609","0.7297","0.0004","1.1641","18.6918","1.4534"
"11.7000","1.2627","0.7312","0.0018","1.1659","18.7288","1.4556"
"11.7200","1.2646","0.7325","-0.0011","1.1679","18.7628","1.4581"
"11.7400","1.2666","0.7339","0.0015","1.1699","18.7983","1.4606"
"11.7600","1.2688","0.7355","0.0000","1.1720","18.8385","1.4633"
"11.7800","1.2709","0.7370","-0.0017","1.1742","18.8790","1.4660"
"11.8000","1.2730","0.7386","0.0013","1.1763","18.9203","1.4686"
"11.8200","1.2749","0.7401","0.0003","1.1781","18.9585","1.4709"
"11.8400","1.2766","0.7415","0.0014","1.1799","18.9941","1.4730"
"11.8600","1.2786","0.7428","-0.0016","1.1818","19.0272","1.4755"
"11.8800","1.2806","0.7442","-0.0007","1.1839","19.0636","1.4781"
"11.9000","1.2827","0.7459","0.0029","1.1860","19.1048","1.4807"
"11.9200","1.2847","0.7474","-0.0018","1.1880","19.1451","1.4832"
"11.9400","1.2866","0.7488","0.0013","1.1899","19.1802","1.4856"
"11.9600","1.2886","0.7503","0.0001","1.1918","19.2183","1.4880"
"11.9800","1.2904","0.7518","-0.0014","1.1937","19.2561","1.4903"
"12.0000","1.2925","0.7532","0.0013","1.1958","19.2918","1.4929"
"12.0200","1.2947","0.7546","0.0001","1.1979","19.3293","1.4956"
"12.0400","1.2968","0.7562","0.0020","1.2000","19.3691","1.4982"
"12.0600","1.2988","0.7578","-0.0026","1.2021","19.4099","1.5008"
"12.0800","1.3009","0.7593","-0.0011","1.2042","19.4501","1.5034"
"12.1000","1.3030","0.7609","0.0038","1.2062","19.4892","1.5060"
"12.1200","1.3049","0.7624","-0.0006","1.2081","19.5296","1.5083"
"12.1400","1.3069","0.7637","-0.0003","1.2101","19.5632","1.5108"
"12.1600","1.3088","0.7652","-0.0010","1.2121","19.6013","1.5132"
"12.1800","1.3108","0.7667","-0.0007","1.2141","19.6385","1.5157"
"12.2000","1.3128","0.7681","0.0027","1.2161","19.6756","1.5183"
"12.2200","1.3148","0.7696","0.0003","1.2181","19.7134","1.5208"
"12.2400","1.3168","0.7710","-0.0013","1.2201","19.7496","1.5233"
"12.2600","1.3186","0.7725","-0.0009","1.2219","19.7884","1.5255"
"12.2800","1.3206","0.7740","0.0008","1.2238","19.8247","1.5279"
"12.3000","1.3226","0.7754","0.0024","1.2259","19.8609","1.5305"
"12.3200","1.3248","0.7769","-0.0009","1.2280","19.8999","1.5332"
"12.3400","1.3269","0.7784","-0.0018","1.2301","19.9392","1.5358"
"12.3600","1.3289","0.7799","0.0015","1.2322","19.9780","1.5384"
"12.3800","1.3309","0.7814","0.0001","1.2341","20.0154","1.5408"
"12.4000","1.3326","0.7829","0.0001","1.2359","20.0536","1.5430"
"12.4200","1.3346","0.7843","0.0012","1.2379","20.0892","1.5455"
"12.4400","1.3367","0.7857","-0.0006","1.2400","20.1264","1.5481"
"12.4600","1.3388","0.7873","-0.0006","1.2420","20.1662","1.5507"
"12.4800","1.3407","0.7887","0.0001","1.2440","20.2026","1.5531"
"12.5000","1.3427","0.7901","0.0031","1.2459","20.2379","1.5555"
"12.5200","1.3447","0.7916","0.0013","1.2479","20.2767","1.5581"
"12.5400","1.3466","0.7931","-0.0033","1.2499","20.3156","1.5605"
"12.5600","1.3487","0.7945","0.0001","1.2520","20.3509","1.5631"
"12.5800","1.3508","0.7960","0.0020","1.2540","20.3888","1.5657"
"12.6000","1.3528","0.7975","0.0013","1.2561","20.4265","1.5682"
"12.6200","1.3548","0.7989","0.0007","1.2580","20.4641","1.5706"
"12.6400","1.3568","0.8004","-0.0030","1.2600","20.5014","1.5732"
"12.6600","1.3589","0.8018","-0.0003","1.2622","20.5390","1.5758"
"12.6800","1.3608","0.8034","0.0032","1.2641","20.5788","1.5782"
"12.7000","1.3627","0.8048","0.0018","1.2660","20.6152","1.5806"
"12.7200","1.3646","0.8062","-0.0007","1.2679","20.6505","1.5829"
"12.7400","1.3666","0.8076","-0.0028","1.2698","20.6854","1.5853"
"12.7600","1.3686","0.8090","0.0014","1.2718","20.7220","1.5879"
"12.7800","1.3707","0.8104","0.0029","1.2739","20.7592","1.5905"
"12.8000","1.3728","0.8119","-0.0009","1.2760","20.7974","1.5931"
"12.8200","1.3746","0.8134","-0.0011","1.2778","20.8363","1.5954"
"12.8400","1.3765","0.8148","-0.0009","1.2797","20.8721","1.5977"
"12.8600","1.3785","0.8162","0.0000","1.2817","20.9069","1.6002"
"12.8800","1.3806","0.8177","0.0025","1.2839","20.9458","1.6029"
"12.9000","1.3828","0.8193","-0.0001","1.2861","20.9862","1.6057"
"12.9200","1.3850","0.8208","-0.0024","1.2882","21.0242","1.6083"
"12.9400","1.3870","0.8223","-0.0007","1.2902","21.0623","1.6109"
"12.9600","1.3887","0.8238","0.0009","1.2920","21.1006","1.6130"
"12.9800","1.3907","0.8251","0.0025","1.2939","21.1351","1.6155"
"13.0000","1.3927","0.8264","-0.0018","1.2960","21.1692","1.6180"
"13.0200","1.3948","0.8279","-0.0017","1.2981","21.2059","1.6207"
"13.0400","1.3969","0.8294","0.0013","1.3001","21.2453","1.6232"
"13.0600","1.3988","0.8310","-0.0011","1.3021","21.2853","1.6256"
"13.0800","1.4007","0.8324","0.0015","1.3040","21.3224","1.6280"
"13.1000","1.4026","0.8338","0.0006","1.3058","21.3573","1.6303"
"13.1200","1.4046","0.8351","-0.0023","1.3079","21.3913","1.6329"
"13.1400","1.4068","0.8366","-0.0005","1.3100","21.4288","1.6355"
"13.1600","1.4088","0.8381","0.0004","1.3121","21.4669","1.6381"
"13.1800","1.4108","0.8395","0.0029","1.3141","21.5039","1.6406"
"13.2000","1.4128","0.8409","-0.0010","1.3161","21.5395","1.6431"
"13.2200","1.4149","0.8423","-0.0033","1.3182","21.5755","1.6457"
"13.2400","1.4168","0.8438","0.0019","1.3201","21.6140","1.6481"
"13.2600","1.4188","0.8452","0.0005","1.3220","21.6493","1.6505"
"13.2800","1.4207","0.8467","0.0008","1.3240","21.6870","1.6530"
"13.3000","1.4227","0.8481","0.0001","1.3259","21.7244","1.6554"
"13.3200","1.4247","0.8495","-0.0032","1.3280","21.7593","1.6579"
"13.3400","1.4267","0.8509","0.0017","1.3300","21.7958","1.6605"
"13.3600","1.4288","0.8524","0.0016","1.3321","21.8334","1.6631"
"13.3800","1.4307","0.8538","-0.0003","1.3339","21.8699","1.6654"
"13.4000","1.4326","0.8552","-0.0010","1.3359","21.9047","1.6678"
"13.4200","1.4346","0.8566","-0.0018","1.3379","21.9409","1.6703"
"13.4400","1.4368","0.8581","0.0031","1.3400","21.9793","1.6730"
"13.4600","1.4389","0.8595","-0.0002","1.3421","22.0163","1.6756"
"13.4800","1.4409","0.8610","-0.0026","1.3442","22.0542","1.6782"
"13.5000","1.4429","0.8624","0.0020","1.3462","22.0911","1.6807"
"13.5200","1.4447","0.8638","-0.0002","1.3479","22.1269","1.6829"
"13.5400","1.4466","0.8651","-0.0007","1.3498","22.1606","1.6853"
"13.5600","1.4487","0.8665","-0.0001","1.3519","22.1947","1.6879"
"13.5800","1.4507","0.8679","0.0004","1.3540","22.2317","1.6904"
"13.6000","1.4528","0.8693","0.0007","1.3560","22.2682","1.6930"
"13.6200","1.4547","0.8709","-0.0024","1.3580","22.3084","1.6954"
"13.6400","1.4567","0.8724","0.0001","1.3599","22.3452","1.6979"
"13.6600","1.4586","0.8737","0.0012","1.3618","22.3801","1.7002"
"13.6800","1.4606","0.8750","-0.0004","1.3638","22.4119","1.7028"
"13.7000","1.4627","0.8764","0.0000","1.3660","22.4496","1.7054"
"13.7200","1.4648","0.8779","-0.0021","1.3680","22.4873","1.7080"
"13.7400","1.4668","0.8794","-0.0004","1.3700","22.5248","1.7105"
"13.7600","1.4688","0.8808","0.0032","1.3721","22.5606","1.7130"
"13.7800","1.4710","0.8823","-0.0002","1.3743","22.5999","1.7158"
"13.8000","1.4730","0.8839","-0.0031","1.3763","22.6405","1.7182"
"13.8200","1.4750","0.8852","-0.0009","1.3782","22.6752","1.7207"
"13.8400","1.4769","0.8866","0.0022","1.3801","22.7108","1.7231"
"13.8600","1.4788","0.8880","0.0027","1.3820","22.7453","1.7255"
"13.8800","1.4808","0.8894","-0.0033","1.3841","22.7812","1.7280"
"13.9000","1.4829","0.8907","-0.0025","1.3861","22.8147","1.7306"
"13.9200","1.4850","0.8922","0.0036","1.3882","22.8526","1.7332"
"13.9400","1.4868","0.8936","0.0004","1.3900","22.8897","1.7354"
"13.9600","1.4886","0.8949","-0.0003","1.3919","22.9228","1.7378"
"13.9800","1.4906","0.8962","-0.0015","1.3939","22.9567","1.7403"
"14.0000","1.4928","0.8978","-0.0011","1.3960","22.9959","1.7429"
"14.0200","1.4949","0.8992","0.0027","1.3982","23.0315","1.7456"
"14.0400","1.4970","0.9006","-0.0003","1.4003","23.0698","1.7483"
"14.0600","1.4991","0.9022","-0.0008","1.4023","23.1088","1.7508"
"14.0800","1.5008","0.9036","-0.0011","1.4040","23.1452","1.7529"
"14.1000","1.5026","0.9048","0.0005","1.4059","23.1771","1.7552"
"14.1200","1.5047","0.9060","0.0018","1.4079","23.2061","1.7578"
"14.1400","1.5068","0.9073","-0.0022","1.4100","23.2412","1.7604"
"14.1600","1.5089","0.9088","0.0005","1.4121","23.2799","1.7630"
"14.1800","1.5108","0.9104","0.0013","1.4140","23.3187","1.7654"
"14.2000","1.5128","0.9118","-0.0013","1.4160","23.3548","1.7679"
"14.2200","1.5146","0.9131","0.0004","1.4179","23.3898","1.7702"
"14.2400","1.5166","0.9144","0.0008","1.4199","23.4230","1.7727"
"14.2600","1.5188","0.9158","0.0009","1.4220","23.4591","1.7754"
"14.2800","1.5208","0.9172","-0.0007","1.4241","23.4949","1.7780"
"14.3000","1.5229","0.9187","-0.0022","1.4261","23.5320","1.7805"
"14.3200","1.5249","0.9201","0.0019","1.4281","23.5689","1.7830"
"14.3400","1.5269","0.9215","0.0015","1.4302","23.6052","1.7856"
"14.3600","1.5289","0.9230","-0.0015","1.4321","23.6415","1.7880"
"14.3800","1.5308","0.9244","-0.0003","1.4340","23.6782","1.7904"
"14.4000","1.5328","0.9258","-0.0015","1.4360","23.7133","1.7928"
"14.4200","1.5347","0.9270","0.0014","1.4379","23.7459","1.7953"
"14.4400","1.5367","0.9284","0.0037","1.4400","23.7814","1.7978"
"14.4600","1.5388","0.9298","-0.0022","1.4420","23.8172","1.8004"
"14.4800","1.5409","0.9312","-0.0027","1.4441","23.8524","1.8030"
"14.5000","1.5427","0.9326","0.0001","1.4460","23.8871","1.8053"
"14.5200","1.5446","0.9339","0.0031","1.4478","23.9205","1.8076"
"14.5400","1.5466","0.9351","0.0011","1.4498","23.9522","1.8101"
"14.5600","1.5487","0.9365","-0.0041","1.4520","23.9889","1.8128"
"14.5800","1.5509","0.9380","-0.0001","1.4542","24.0268","1.8155"
"14.6000","1.5530","0.9395","0.0010","1.4562","24.0649","1.8181"
"14.6200","1.5550","0.9410","0.0012","1.4583","24.1037","1.8207"
"14.6400","1.5569","0.9424","0.0012","1.4601","24.1399","1.8229"
"14.6600","1.5588","0.9437","-0.0027","1.4620","24.1736","1.8253"
"14.6800","1.5609","0.9450","-0.0006","1.4641","24.2064","1.8279"
"14.7000","1.5629","0.9463","0.0018","1.4662","24.2403","1.8305"
"14.7200","1.5650","0.9478","0.0019","1.4682","24.2776","1.8330"
"14.7400","1.5668","0.9493","0.0000","1.4701","24.3149","1.8354"
"14.7600","1.5688","0.9504","-0.0032","1.4720","24.3446","1.8378"
"14.7800","1.5707","0.9517","0.0000","1.4739","24.3783","1.8402"
"14.8000","1.5727","0.9531","0.0024","1.4759","24.4127","1.8427"
"14.8200","1.5748","0.9544","0.0003","1.4780","24.4472","1.8453"
"14.8400","1.5768","0.9558","0.0004","1.4801","24.4814","1.8479"
"14.8600","1.5788","0.9572","-0.0015","1.4820","24.5179","1.8503"
"14.8800","1.5807","0.9586","-0.0015","1.4840","24.5545","1.8528"
"14.9000","1.5829","0.9599","0.0032","1.4861","24.5875","1.8554"
"14.9200","1.5849","0.9614","0.0019","1.4882","24.6248","1.8580"
"14.9400","1.5868","0.9628","-0.0014","1.4901","24.6621","1.8603"
"14.9600","1.5887","0.9641","-0.0025","1.4920","24.6952","1.8627"
"14.9800","1.5907","0.9653","0.0011","1.4939","24.7264","1.8651"
"15.0000","1.5927","0.9666","0.0032","1.4959","24.7592","1.8677"
"15.0200","1.5948","0.9680","-0.0011","1.4980","24.7940","1.8703"
"15.0400","1.5969","0.9693","-0.0008","1.5002","24.8295","1.8730"
"15.0600","1.5988","0.9707","0.0004","1.5021","24.8650","1.8753"
"15.0800","1.6007","0.9720","0.0002","1.5039","24.8980","1.8777"
"15.1000","1.6027","0.9732","0.0013","1.5059","24.9294","1.8801"
"15.1200","1.6047","0.9746","0.0013","1.5080","24.9636","1.8827"
"15.1400","1.6069","0.9759","-0.0006","1.5102","24.9975","1.8854"
"15.1600","1.6090","0.9773","-0.0010","1.5123","25.0327","1.8880"
"15.1800","1.6110","0.9786","0.0008","1.5143","25.0670","1.8906"
"15.2000","1.6129","0.9799","0.0022","1.5161","25.0991","1.8929"
"15.2200","1.6146","0.9811","0.0008","1.5179","25.1296","1.8951"
"15.2400","1.6166","0.9822","-0.0016","1.5199","25.1594","1.8976"
"15.2600","1.6187","0.9835","0.0010","1.5220","25.1914","1.9002"
"15.2800","1.6208","0.9848","0.0003","1.5241","25.2255","1.9028"
"15.3000","1.6228","0.9862","0.0000","1.5260","25.2625","1.9052"
"15.3200","1.6247","0.9876","0.0027","1.5280","25.2975","1.9077"
"15.3400","1.6266","0.9889","-0.0018","1.5299","25.3314","1.9100"
"15.3600","1.6285","0.9902","-0.0010","1.5318","25.3626","1.9124"
"15.3800","1.6306","0.9914","0.0012","1.5339","25.3957","1.9150"
"15.4000","1.6328","0.9928","0.0012","1.5360","25.4294","1.9177"
"15.4200","1.6348","0.9941","0.0022","1.5380","25.4648","1.9202"
"15.4400","1.6368","0.9955","-0.0025","1.5401","25.5000","1.9227"
"15.4600","1.6389","0.9970","0.0006","1.5422","25.5382","1.9254"
"15.4800","1.6409","0.9984","0.0018","1.5442","25.5745","1.9279"
"15.5000","1.6428","0.9997","-0.0001","1.5461","25.6073","1.9303"
"15.5200","1.6448","1.0009","0.0021","1.5481","25.6380","1.9328"
"15.5400","1.6468","1.0022","-0.0030","1.5500","25.6716","1.9352"
"15.5600","1.6488","1.0035","-0.0001","1.5520","25.7049","1.9377"
"15.5800","1.6508","1.0048","0.0027","1.5541","25.7376","1.9402"
"15.6000","1.6528","1.0061","0.0002","1.5561","25.7716","1.9428"
"15.6200","1.6548","1.0075","0.0009","1.5580","25.8060","1.9452"
"15.6400","1.6566","1.0088","-0.0025","1.5599","25.8404","1.9475"
"15.6600","1.6586","1.0100","0.0017","1.5618","25.8710","1.9500"
"15.6800","1.6607","1.0112","0.0022","1.5639","25.9028","1.9525"
"15.7000","1.6628","1.0127","-0.0016","1.5661","25.9389","1.9552"
"15.7200","1.6649","1.0140","0.0014","1.5682","25.9745","1.9578"
"15.7400","1.6670","1.0155","-0.0010","1.5702","26.0109","1.9604"
"15.7600","1.6688","1.0168","-0.0005","1.5721","26.0441","1.9627"
"15.7800","1.6706","1.0180","0.0027","1.5739","26.0758","1.9650"
"15.8000","1.6726","1.0192","0.0003","1.5759","26.1077","1.9675"
"15.8200","1.6747","1.0205","-0.0010","1.5780","26.1396","1.9701"
"15.8400","1.6768","1.0219","-0.0007","1.5801","26.1756","1.9727"
"15.8600","1.6787","1.0232","0.0012","1.5820","26.2096","1.9751"
"15.8800","1.6807","1.0245","0.0032","1.5840","26.2426","1.9776"
"15.9000","1.6827","1.0258","-0.0014","1.5860","26.2764","1.9800"
"15.9200","1.6846","1.0271","-0.0014","1.5879","26.3091","1.9825"
"15.9400","1.6868","1.0284","0.0018","1.5900","26.3429","1.9851"
"15.9600","1.6888","1.0298","-0.0003","1.5921","26.3775","1.9877"
"15.9800","1.6908","1.0311","0.0023","1.5941","26.4110","1.9902"
"16.0000","1.6928","1.0324","-0.0005","1.5960","26.4435","1.9926"
"16.0200","1.6948","1.0336","-0.0025","1.5981","26.4765","1.9952"
"16.0400","1.6969","1.0350","0.0023","1.6002","26.5112","1.9978"
"16.0600","1.6988","1.0363","0.0004","1.6020","26.5444","2.0001"
"16.0800","1.7007","1.0375","0.0012","1.6040","26.5743","2.0025"
"16.1000","1.7026","1.0387","-0.0004","1.6059","26.6058","2.0049"
"16.1200","1.7046","1.0399","-0.0009","1.6078","26.6358","2.0074"
"16.1400","1.7066","1.0412","0.0025","1.6099","26.6706","2.0099"
"16.1600","1.7088","1.0426","-0.0007","1.6120","26.7052","2.0126"
"16.1800","1.7108","1.0440","0.0016","1.6140","26.7408","2.0151"
"16.2000","1.7125","1.0452","0.0010","1.6158","26.7719","2.0173"
"16.2200","1.7145","1.0464","-0.0023","1.6177","26.8036","2.0197"
"16.2400","1.7166","1.0476","0.0016","1.6198","26.8347","2.0223"
"16.2600","1.7188","1.0489","0.0020","1.6220","26.8681","2.0251"
"16.2800","1.7209","1.0503","0.0008","1.6242","26.9021","2.0278"
"16.3000","1.7230","1.0517","-0.0014","1.6263","26.9384","2.0304"
"16.3200","1.7249","1.0531","-0.0012","1.6282","26.9754","2.0328"
"16.3400","1.7267","1.0543","0.0041","1.6300","27.0054","2.0350"
"16.3600","1.7288","1.0554","0.0006","1.6320","27.0346","2.0375"
"16.3800","1.7308","1.0567","-0.0018","1.6341","27.0664","2.0401"
"16.4000","1.7329","1.0580","0.0007","1.6362","27.1014","2.0428"
"16.4200","1.7348","1.0594","-0.0008","1.6381","27.1360","2.0452"
"16.4400","1.7368","1.0606","0.0019","1.6400","27.1674","2.0476"
"16.4600","1.7387","1.0618","0.0022","1.6420","27.1983","2.0500"
"16.4800","1.7406","1.0630","-0.0018","1.6438","27.2287","2.0523"
"16.5000","1.7427","1.0643","-0.0009","1.6459","27.2617","2.0549"
"16.5200","1.7448","1.0656","0.0006","1.6480","27.2946","2.0576"
"16.5400","1.7468","1.0670","0.0024","1.6501","27.3305","2.0601"
"16.5600","1.7488","1.0682","0.0012","1.6521","27.3620","2.0626"
"16.5800","1.7509","1.0694","-0.0021","1.6541","27.3935","2.0652"
"16.6000","1.7530","1.0708","0.0008","1.6562","27.4284","2.0678"
"16.6200","1.7548","1.0721","0.0006","1.6580","27.4611","2.0700"
"16.6400","1.7567","1.0732","0.0001","1.6600","27.4904","2.0725"
"16.6600","1.7587","1.0744","0.0029","1.6619","27.5211","2.0749"
"16.6800","1.7606","1.0756","-0.0004","1.6639","27.5517","2.0774"
"16.7000","1.7627","1.0768","-0.0014","1.6660","27.5810","2.0799"
"16.7200","1.7648","1.0781","0.0002","1.6681","27.6147","2.0826"
"16.7400","1.7668","1.0795","0.0019","1.6701","27.6508","2.0851"
"16.7600","1.7687","1.0808","0.0023","1.6719","27.6834","2.0874"
"16.7800","1.7706","1.0820","-0.0031","1.6739","27.7142","2.0898"
"16.8000","1.7726","1.0831","-0.0002","1.6759","27.7432","2.0923"
"16.8200","1.7748","1.0843","0.0025","1.6780","27.7741","2.0950"
"16.8400","1.7769","1.0857","-0.0001","1.6802","27.8087","2.0977"
"16.8600","1.7789","1.0870","0.0023","1.6822","27.8441","2.1002"
"16.8800","1.7809","1.0883","-0.0014","1.6842","27.8772","2.1026"
"16.9000","1.7827","1.0894","-0.0013","1.6859","27.9056","2.1049"
"16.9200","1.7846","1.0905","0.0027","1.6879","27.9329","2.1073"
"16.9400","1.7867","1.0916","0.0009","1.6900","27.9614","2.1099"
"16.9600","1.7888","1.0928","0.0011","1.6921","27.9929","2.1126"
"16.9800","1.7908","1.0943","-0.0029","1.6941","28.0298","2.1150"
"17.0000","1.7928","1.0956","-0.0004","1.6960","28.0626","2.1175"
"17.0200","1.7947","1.0968","0.0036","1.6980","28.0935","2.1199"
"17.0400","1.7966","1.0979","-0.0005","1.6998","28.1221","2.1222"
"17.0600","1.7987","1.0991","0.0006","1.7019","28.1527","2.1248"
"17.0800","1.8008","1.1004","-0.0010","1.7041","28.1852","2.1275"
"17.1000","1.8028","1.1017","-0.0002","1.7061","28.2185","2.1300"
"17.1200","1.8048","1.1030","0.0025","1.7081","28.2522","2.1325"
"17.1400","1.8069","1.1043","0.0013","1.7102","28.2851","2.1351"
"17.1600","1.8091","1.1056","0.0000","1.7123","28.3189","2.1378"
"17.1800","1.8110","1.1068","-0.0020","1.7142","28.3502","2.1402"
"17.2000","1.8130","1.1080","0.0003","1.7162","28.3806","2.1427"
"17.2200","1.8149","1.1092","0.0025","1.7181","28.4116","2.1450"
"17.2400","1.8168","1.1104","0.0004","1.7201","28.4419","2.1475"
"17.2600","1.8189","1.1115","-0.0016","1.7221","28.4709","2.1500"
"17.2800","1.8209","1.1127","0.0003","1.7242","28.5018","2.1526"
"17.3000","1.8229","1.1139","0.0002","1.7262","28.5335","2.1551"
"17.3200","1.8247","1.1151","0.0012","1.7280","28.5620","2.1574"
"17.3400","1.8266","1.1162","0.0023","1.7299","28.5916","2.1597"
"17.3600","1.8287","1.1174","-0.0022","1.7319","28.6217","2.1623"
"17.3800","1.8308","1.1187","-0.0003","1.7340","28.6539","2.1649"
"17.4000","1.8330","1.1199","0.0017","1.7362","28.6853","2.1676"
"17.4200","1.8350","1.1212","0.0015","1.7383","28.7196","2.1702"
"17.4400","1.8370","1.1224","0.0004","1.7402","28.7512","2.1727"
"17.4600","1.8387","1.1236","-0.0027","1.7420","28.7805","2.1748"
"17.4800","1.8406","1.1246","0.0020","1.7439","28.8065","2.1772"
"17.5000","1.8427","1.1257","0.0009","1.7460","28.8348","2.1798"
"17.5200","1.8449","1.1270","-0.0006","1.7481","28.8688","2.1825"
"17.5400","1.8469","1.1283","0.0017","1.7501","28.9011","2.1850"
"17.5600","1.8488","1.1294","-0.0022","1.7520","28.9294","2.1874"
"17.5800","1.8508","1.1306","0.0009","1.7540","28.9603","2.1899"
"17.6000","1.8526","1.1318","0.0013","1.7559","28.9910","2.1922"
"17.6200","1.8547","1.1330","-0.0001","1.7580","29.0209","2.1948"
"17.6400","1.8569","1.1341","0.0014","1.7601","29.0497","2.1975"
"17.6600","1.8589","1.1353","-0.0022","1.7621","29.0810","2.2000"
"17.6800","1.8608","1.1365","0.0013","1.7641","29.1123","2.2024"
"17.7000","1.8628","1.1377","0.0014","1.7661","29.1422","2.2049"
"17.7200","1.8649","1.1389","-0.0009","1.7682","29.1730","2.2076"
"17.7400","1.8668","1.1401","0.0021","1.7701","29.2041","2.2099"
"17.7600","1.8688","1.1413","-0.0017","1.7720","29.2333","2.2124"
"17.7800","1.8707","1.1424","-0.0004","1.7740","29.2631","2.2148"
"17.8000","1.8727","1.1436","0.0033","1.7759","29.2930","2.2172"
"17.8200","1.8747","1.1448","0.0002","1.7780","29.3231","2.2198"
"17.8400","1.8768","1.1460","-0.0007","1.7800","29.3554","2.2224"
"17.8600","1.8788","1.1472","-0.0009","1.7821","29.3845","2.2249"
"17.8800","1.8806","1.1483","0.0016","1.7839","29.4132","2.2272"
"17.9000","1.8825","1.1493","0.0023","1.7858","29.4401","2.2296"
"17.9200","1.8846","1.1504","-0.0018","1.7878","29.4681","2.2321"
"17.9400","1.8867","1.1516","0.0002","1.7900","29.4970","2.2348"
"17.9600","1.8889","1.1529","0.0006","1.7921","29.5302","2.2375"
"17.9800","1.8910","1.1541","-0.0006","1.7942","29.5631","2.2401"
"18.0000","1.8930","1.1554","0.0018","1.7962","29.5955","2.2426"
"18.0200","1.8948","1.1566","0.0005","1.7980","29.6255","2.2448"
"18.0400","1.8967","1.1577","-0.0005","1.8000","29.6531","2.2472"
"18.0600","1.8988","1.1587","-0.0003","1.8020","29.6807","2.2498"
"18.0800","1.9009","1.1597","0.0007","1.8042","29.7057","2.2525"
"18.1000","1.9029","1.1609","0.0031","1.8062","29.7370","2.2550"
"18.1200","1.9048","1.1623","-0.0011","1.8080","29.7709","2.2573"
"18.1400","1.9068","1.1633","-0.0020","1.8100","29.7984","2.2598"
"18.1600","1.9086","1.1644","0.0016","1.8119","29.8247","2.2621"
"18.1800","1.9107","1.1654","0.0004","1.8139","29.8524","2.2647"
"18.2000","1.9128","1.1666","0.0023","1.8161","29.8827","2.2673"
"18.2200","1.9148","1.1678","0.0002","1.8181","29.9128","2.2699"
"18.2400","1.9168","1.1689","-0.0035","1.8201","29.9419","2.2723"
"18.2600","1.9188","1.1701","0.0015","1.8221","29.9721","2.2748"
"18.2800","1.9210","1.1713","0.0032","1.8242","30.0032","2.2775"
"18.3000","1.9229","1.1725","0.0010","1.8262","30.0325","2.2799"
"18.3200","1.9248","1.1735","-0.0023","1.8281","30.0595","2.2823"
"18.3400","1.9267","1.1746","-0.0018","1.8300","30.0872","2.2847"
"18.3600","1.9286","1.1756","0.0041","1.8319","30.1128","2.2871"
"18.3800","1.9307","1.1767","0.0012","1.8339","30.1405","2.2896"
"18.4000","1.9328","1.1779","-0.0016","1.8360","30.1706","2.2923"
"18.4200","1.9349","1.1791","0.0008","1.8382","30.2019","2.2950"
"18.4400","1.9368","1.1803","0.0000","1.8400","30.2320","2.2972"
"18.4600","1.9386","1.1813","0.0013","1.8419","30.2587","2.2996"
"18.4800","1.9406","1.1823","0.0012","1.8439","30.2843","2.3020"
"18.5000","1.9427","1.1834","-0.0003","1.8459","30.3114","2.3046"
"18.5200","1.9449","1.1845","0.0001","1.8481","30.3408","2.3074"
"18.5400","1.9470","1.1857","-0.0005","1.8502","30.3718","2.3100"
"18.5600","1.9490","1.1869","0.0012","1.8523","30.4013","2.3125"
"18.5800","1.9507","1.1881","0.0018","1.8540","30.4322","2.3147"
"18.6000","1.9526","1.1891","-0.0001","1.8558","30.4576","2.3170"
"18.6200","1.9546","1.1900","0.0008","1.8579","30.4826","2.3195"
"18.6400","1.9567","1.1911","-0.0016","1.8600","30.5091","2.3222"
"18.6600","1.9588","1.1922","-0.0005","1.8620","30.5377","2.3247"
"18.6800","1.9607","1.1934","0.0045","1.8640","30.5678","2.3272"
"18.7000","1.9627","1.1944","-0.0004","1.8659","30.5955","2.3296"
"18.7200","1.9645","1.1955","-0.0025","1.8678","30.6214","2.3319"
"18.7400","1.9665","1.1964","-0.0009","1.8697","30.6443","2.3343"
"18.7600","1.9686","1.1973","0.0019","1.8719","30.6692","2.3370"
"18.7800","1.9707","1.1984","0.0047","1.8740","30.6957","2.3397"
"18.8000","1.9728","1.1994","-0.0024","1.8761","30.7224","2.3422"
"18.8200","1.9748","1.2004","-0.0018","1.8781","30.7478","2.3448"
"18.8400","1.9770","1.2015","0.0017","1.8802","30.7758","2.3474"
"18.8600","1.9789","1.2026","0.0011","1.8822","30.8056","2.3499"
"18.8800","1.9809","1.2038","0.0031","1.8841","30.8345","2.3523"
"18.9000","1.9829","1.2048","-0.0023","1.8861","30.8603","2.3548"
"18.9200","1.9848","1.2058","-0.0020","1.8881","30.8854","2.3573"
"18.9400","1.9869","1.2069","0.0022","1.8901","30.9135","2.3598"
"18.9600","1.9888","1.2079","0.0012","1.8921","30.9409","2.3623"
"18.9800","1.9909","1.2089","0.0016","1.8941","30.9663","2.3648"
"19.0000","1.9927","1.2100","-0.0021","1.8960","30.9927","2.3671"
"19.0200","1.9946","1.2109","-0.0003","1.8978","31.0170","2.3694"
"19.0400","1.9966","1.2119","0.0026","1.8999","31.0424","2.3720"
"19.0600","1.9987","1.2130","0.0001","1.9020","31.0714","2.3746"
"19.0800","2.0009","1.2141","0.0018","1.9041","31.0987","2.3773"
"19.1000","2.0029","1.2151","-0.0004","1.9062","31.1252","2.3798"
"19.1200","2.0049","1.2163","-0.0021","1.9082","31.1540","2.3824"
"19.1400","2.0068","1.2174","0.0013","1.9100","31.1829","2.3846"
"19.1600","2.0086","1.2184","0.0021","1.9119","31.2082","2.3870"
"19.1800","2.0107","1.2194","0.0009","1.9140","31.2345","2.3896"
"19.2000","2.0128","1.2204","-0.0013","1.9160","31.2608","2.3922"
"19.2200","2.0148","1.2214","-0.0011","1.9181","31.2867","2.3947"
"19.2400","2.0167","1.2225","0.0027","1.9200","31.3138","2.3971"
"19.2600","2.0187","1.2236","0.0017","1.9220","31.3418","2.3996"
"19.2800","2.0207","1.2246","0.0002","1.9239","31.3677","2.4020"
"19.3000","2.0227","1.2256","-0.0007","1.9259","31.3922","2.4045"
"19.3200","2.0248","1.2266","-0.0022","1.9281","31.4198","2.4072"
"19.3400","2.0268","1.2277","0.0025","1.9301","31.4468","2.4097"
"19.3600","2.0288","1.2287","0.0031","1.9321","31.4727","2.4122"
"19.3800","2.0308","1.2296","-0.0013","1.9340","31.4971","2.4146"
"19.4000","2.0329","1.2307","-0.0019","1.9362","31.5232","2.4173"
"19.4200","2.0349","1.2318","0.0003","1.9382","31.5510","2.4198"
"19.4400","2.0368","1.2328","0.0031","1.9401","31.5771","2.4222"
"19.4600","2.0387","1.2337","0.0006","1.9420","31.6010","2.4245"
"19.4800","2.0406","1.2347","-0.0021","1.9439","31.6259","2.4269"
"19.5000","2.0426","1.2356","0.0008","1.9458","31.6492","2.4294"
"19.5200","2.0447","1.2366","0.0005","1.9479","31.6753","2.4320"
"19.5400","2.0468","1.2376","0.0004","1.9501","31.7000","2.4346"
"19.5600","2.0487","1.2386","0.0016","1.9520","31.7269","2.4370"
"19.5800","2.0505","1.2396","-0.0014","1.9538","31.7517","2.4393"
"19.6000","2.0525","1.2405","-0.0007","1.9557","31.7761","2.4417"
"19.6200","2.0546","1.2415","0.0019","1.9578","31.8001","2.4443"
"19.6400","2.0568","1.2424","0.0005","1.9600","31.8248","2.4471"
"19.6600","2.0589","1.2435","0.0006","1.9622","31.8522","2.4498"
"19.6800","2.0610","1.2447","-0.0010","1.9643","31.8825","2.4524"
"19.7000","2.0629","1.2458","0.0004","1.9661","31.9108","2.4547"
"19.7200","2.0647","1.2468","0.0017","1.9680","31.9353","2.4570"
"19.7400","2.0667","1.2476","-0.0011","1.9700","31.9564","2.4595"
"19.7600","2.0688","1.2485","0.0027","1.9720","31.9809","2.4621"
"19.7800","2.0709","1.2495","-0.0002","1.9741","32.0067","2.4647"
"19.8000","2.0728","1.2506","-0.0018","1.9761","32.0331","2.4671"
"19.8200","2.0748","1.2516","0.0024","1.9780","32.0596","2.4695"
"19.8400","2.0766","1.2525","0.0002","1.9799","32.0829","2.4719"
"19.8600","2.0786","1.2534","0.0021","1.9818","32.1053","2.4743"
"19.8800","2.0807","1.2543","-0.0018","1.9839","32.1278","2.4769"
"19.9000","2.0828","1.2553","-0.0012","1.9860","32.1541","2.4795"
"19.9200","2.0848","1.2563","0.0036","1.9880","32.1801","2.4820"
"19.9400","2.0868","1.2572","-0.0008","1.9900","32.2039","2.4845"
"19.9600","2.0889","1.2582","0.0012","1.9921","32.2291","2.4872"
"19.9800","2.0909","1.2592","-0.0011","1.9941","32.2540","2.4897"
"20.0000","2.0927","1.2602","-0.0015","1.9960","32.2795","2.4920"
"20.0200","2.0947","1.2611","0.0041","1.9980","32.3016","2.4945"
"20.0400","2.0967","1.2619","0.0005","1.9999","32.3225","2.4969"
"20.0600","2.0987","1.2627","-0.0004","2.0019","32.3445","2.4994"
"20.0800","2.1008","1.2637","-0.0011","2.0040","32.3694","2.5020"
"20.1000","2.1029","1.2647","0.0011","2.0061","32.3958","2.5046"
"20.1200","2.1048","1.2657","0.0036","2.0081","32.4216","2.5071"
"20.1400","2.1067","1.2666","-0.0014","2.0099","32.4443","2.5094"
"20.1600","2.1087","1.2674","-0.0007","2.0119","32.4636","2.5119"
"20.1800","2.1107","1.2683","0.0009","2.0140","32.4873","2.5144"
"20.2000","2.1129","1.2693","0.0000","2.0162","32.5120","2.5172"
"20.2200","2.1150","1.2703","0.0013","2.0182","32.5384","2.5198"
"20.2400","2.1170","1.2714","0.0012","2.0203","32.5656","2.5223"
"20.2600","2.1189","1.2723","-0.0011","2.0221","32.5890","2.5246"
"20.2800","2.1207","1.2731","0.0002","2.0239","32.6103","2.5268"
"20.3000","2.1227","1.2739","0.0012","2.0260","32.6301","2.5294"
"20.3200","2.1248","1.2748","0.0015","2.0281","32.6535","2.5320"
"20.3400","2.1268","1.2757","0.0004","2.0301","32.6757","2.5346"
"20.3600","2.1288","1.2765","-0.0026","2.0320","32.6984","2.5370"
"20.3800","2.1307","1.2774","0.0015","2.0340","32.7207","2.5394"
"20.4000","2.1327","1.2783","0.0007","2.0359","32.7440","2.5418"
"20.4200","2.1346","1.2792","0.0004","2.0378","32.7652","2.5442"
"20.4400","2.1367","1.2799","0.0020","2.0399","32.7849","2.5469"
"20.4600","2.1388","1.2809","-0.0028","2.0421","32.8089","2.5495"
"20.4800","2.1408","1.2819","0.0007","2.0441","32.8345","2.5520"
"20.5000","2.1428","1.2827","0.0021","2.0460","32.8570","2.5545"
"20.5200","2.1449","1.2836","0.0009","2.0482","32.8800","2.5571"
"20.5400","2.1470","1.2846","0.0006","2.0503","32.9048","2.5597"
"20.5600","2.1489","1.2856","-0.0033","2.0522","32.9299","2.5622"
"20.5800","2.1509","1.2864","0.0010","2.0542","32.9508","2.5646"
"20.6000","2.1528","1.2872","0.0024","2.0560","32.9711","2.5669"
"20.6200","2.1548","1.2880","0.0005","2.0580","32.9919","2.5694"
"20.6400","2.1568","1.2888","0.0006","2.0601","33.0114","2.5720"
"20.6600","2.1589","1.2896","-0.0030","2.0622","33.0329","2.5746"
"20.6800","2.1609","1.2905","0.0006","2.0641","33.0564","2.5770"
"20.7000","2.1627","1.2915","0.0045","2.0659","33.0802","2.5793"
"20.7200","2.1646","1.2922","0.0001","2.0679","33.0995","2.5817"
"20.7400","2.1667","1.2929","-0.0017","2.0699","33.1171","2.5843"
"20.7600","2.1688","1.2937","-0.0014","2.0721","33.1382","2.5870"
"20.7800","2.1710","1.2947","0.0019","2.0742","33.1633","2.5897"
"20.8000","2.1731","1.2956","0.0034","2.0763","33.1863","2.5922"
"20.8200","2.1749","1.2965","-0.0018","2.0782","33.2084","2.5946"
"20.8400","2.1767","1.2972","-0.0004","2.0799","33.2267","2.5968"
"20.8600","2.1787","1.2979","0.0006","2.0819","33.2456","2.5992"
"20.8800","2.1808","1.2987","-0.0001","2.0840","33.2653","2.6019"
"20.9000","2.1829","1.2995","0.0031","2.0861","33.2859","2.6045"
"20.9200","2.1848","1.3004","0.0003","2.0881","33.3097","2.6070"
"20.9400","2.1868","1.3012","-0.0015","2.0901","33.3299","2.6094"
"20.9600","2.1887","1.3019","0.0007","2.0920","33.3478","2.6118"
"20.9800","2.1906","1.3027","0.0002","2.0939","33.3671","2.6142"
"21.0000","2.1927","1.3035","0.0021","2.0960","33.3881","2.6168"
"21.0200","2.1948","1.3043","0.0000","2.0981","33.4103","2.6194"
"21.0400","2.1968","1.3051","-0.0014","2.1001","33.4303","2.6219"
"21.0600","2.1988","1.3059","0.0008","2.1021","33.4503","2.6244"
"21.0800","2.2008","1.3066","-0.0010","2.1041","33.4692","2.6269"
"21.1000","2.2029","1.3075","0.0033","2.1062","33.4903","2.6295"
"21.1200","2.2048","1.3083","0.0017","2.1080","33.5124","2.6318"
"21.1400","2.2067","1.3090","-0.0037","2.1100","33.5301","2.6343"
"21.1600","2.2086","1.3097","0.0008","2.1119","33.5484","2.6367"
"21.1800","2.2106","1.3104","0.0020","2.1138","33.5662","2.6391"
"21.2000","2.2127","1.3112","0.0023","2.1159","33.5857","2.6417"
"21.2200","2.2148","1.3120","-0.0011","2.1180","33.6077","2.6443"
"21.2400","2.2168","1.3128","-0.0029","2.1200","33.6276","2.6469"
"21.2600","2.2186","1.3135","0.0030","2.1218","33.6446","2.6491"
"21.2800","2.2205","1.3142","0.0012","2.1238","33.6625","2.6515"
"21.3000","2.2226","1.3149","0.0006","2.1258","33.6799","2.6541"
"21.3200","2.2248","1.3155","0.0005","2.1280","33.6970","2.6568"
"21.3400","2.2269","1.3163","-0.0030","2.1302","33.7173","2.6595"
"21.3600","2.2290","1.3172","0.0019","2.1323","33.7390","2.6621"
"21.3800","2.2310","1.3180","0.0029","2.1342","33.7600","2.6646"
"21.4000","2.2328","1.3187","0.0000","2.1360","33.7790","2.6668"
"21.4200","2.2348","1.3193","-0.0006","2.1380","33.7946","2.6693"
"21.4400","2.2369","1.3200","-0.0013","2.1401","33.8118","2.6719"
"21.4600","2.2389","1.3207","0.0023","2.1422","33.8302","2.6745"
"21.4800","2.2409","1.3215","0.0010","2.1441","33.8489","2.6769"
"21.5000","2.2428","1.3221","-0.0008","2.1461","33.8660","2.6793"
"21.5200","2.2448","1.3228","0.0011","2.1481","33.8839","2.6818"
"21.5400","2.2467","1.3235","-0.0004","2.1499","33.9012","2.6842"
"21.5600","2.2488","1.3241","0.0009","2.1520","33.9177","2.6868"
"21.5800","2.2508","1.3249","0.0021","2.1541","33.9358","2.6894"
"21.6000","2.2528","1.3255","-0.0001","2.1561","33.9528","2.6918"
"21.6200","2.2548","1.3262","0.0002","2.1580","33.9694","2.6943"
"21.6400","2.2568","1.3269","0.0003","2.1601","33.9870","2.6968"
"21.6600","2.2589","1.3274","0.0009","2.1622","34.0023","2.6995"
"21.6800","2.2608","1.3281","0.0015","2.1640","34.0188","2.7018"
"21.7000","2.2627","1.3287","-0.0011","2.1660","34.0335","2.7042"
"21.7200","2.2646","1.3292","0.0010","2.1679","34.0475","2.7066"
"21.7400","2.2666","1.3298","0.0008","2.1698","34.0633","2.7090"
"21.7600","2.2686","1.3305","-0.0018","2.1719","34.0812","2.7116"
"21.7800","2.2708","1.3311","0.0031","2.1740","34.0960","2.7143"
"21.8000","2.2729","1.3318","0.0004","2.1761","34.1135","2.7169"
"21.8200","2.2747","1.3324","-0.0019","2.1779","34.1283","2.7191"
"21.8400","2.2766","1.3329","0.0007","2.1798","34.1407","2.7215"
"21.8600","2.2786","1.3334","0.0006","2.1819","34.1559","2.7240"
"21.8800","2.2807","1.3341","0.0032","2.1840","34.1714","2.7267"
"21.9000","2.2829","1.3347","-0.0016","2.1862","34.1878","2.7294"
"21.9200","2.2850","1.3354","-0.0014","2.1882","34.2061","2.7320"
"21.9400","2.2870","1.3361","0.0029","2.1902","34.2244","2.7345"
"21.9600","2.2887","1.3366","0.0008","2.1920","34.2376","2.7366"
"21.9800","2.2906","1.3370","0.0023","2.1939","34.2466","2.7390"
"22.0000","2.2927","1.3375","-0.0023","2.1960","34.2585","2.7416"
"22.0200","2.2948","1.3381","-0.0016","2.1981","34.2753","2.7442"
"22.0400","2.2968","1.3387","0.0040","2.2001","34.2914","2.7467"
"22.0600","2.2987","1.3392","0.0006","2.2020","34.3035","2.7491"
"22.0800","2.3007","1.3396","0.0003","2.2039","34.3143","2.7516"
"22.1000","2.3025","1.3401","-0.0021","2.2058","34.3268","2.7539"
"22.1200","2.3046","1.3405","0.0008","2.2078","34.3368","2.7564"
"22.1400","2.3067","1.3410","0.0044","2.2100","34.3484","2.7591"
"22.1600","2.3088","1.3416","-0.0013","2.2121","34.3646","2.7617"
"22.1800","2.3108","1.3421","-0.0004","2.2141","34.3781","2.7643"
"22.2000","2.3129","1.3426","0.0005","2.2161","34.3914","2.7668"
"22.2200","2.3150","1.3431","0.0004","2.2183","34.4027","2.7695"
"22.2400","2.3169","1.3436","0.0018","2.2202","34.4169","2.7718"
"22.2600","2.3189","1.3441","-0.0004","2.2221","34.4281","2.7743"
"22.2800","2.3208","1.3445","-0.0007","2.2241","34.4384","2.7767"
"22.3000","2.3228","1.3447","0.0005","2.2260","34.4440","2.7791"
"22.3200","2.3248","1.3450","0.0012","2.2280","34.4528","2.7817"
"22.3400","2.3268","1.3455","0.0013","2.2300","34.4639","2.7842"
"22.3600","2.3288","1.3460","-0.0004","2.2321","34.4773","2.7867"
"22.3800","2.3306","1.3463","0.0003","2.2339","34.4846","2.7890"
"22.4000","2.3326","1.3465","0.0013","2.2358","34.4915","2.7914"
"22.4200","2.3346","1.3469","-0.0008","2.2379","34.5007","2.7940"
"22.4400","2.3368","1.3473","0.0009","2.2400","34.5107","2.7966"
"22.4600","2.3389","1.3476","0.0025","2.2421","34.5197","2.7993"
"22.4800","2.3409","1.3481","-0.0009","2.2442","34.5308","2.8019"
"22.5000","2.3429","1.3485","-0.0013","2.2462","34.5417","2.8044"
"22.5200","2.3447","1.3488","0.0010","2.2480","34.5482","2.8066"
"22.5400","2.3466","1.3490","0.0028","2.2499","34.5533","2.8089"
"22.5600","2.3487","1.3492","0.0014","2.2520","34.5583","2.8116"
"22.5800","2.3508","1.3495","-0.0025","2.2541","34.5662","2.8142"
"22.6000","2.3528","1.3497","0.0002","2.2561","34.5732","2.8167"
"22.6200","2.3547","1.3499","0.0029","2.2580","34.5783","2.8191"
"22.6400","2.3568","1.3502","0.0015","2.2600","34.5838","2.8216"
"22.6600","2.3587","1.3503","0.0008","2.2619","34.5873","2.8240"
"22.6800","2.3607","1.3505","-0.0022","2.2640","34.5931","2.8265"
"22.7000","2.3628","1.3507","-0.0003","2.2660","34.5966","2.8291"
"22.7200","2.3648","1.3508","0.0040","2.2680","34.6011","2.8316"
"22.7400","2.3668","1.3510","0.0006","2.2700","34.6057","2.8341"
"22.7600","2.3688","1.3512","-0.0012","2.2720","34.6098","2.8366"
"22.7800","2.3710","1.3512","-0.0004","2.2742","34.6112","2.8394"
"22.8000","2.3729","1.3514","0.0015","2.2762","34.6163","2.8418"
"22.8200","2.3748","1.3516","0.0019","2.2781","34.6200","2.8441"
"22.8400","2.3767","1.3515","-0.0010","2.2799","34.6190","2.8465"
"22.8600","2.3786","1.3514","0.0023","2.2818","34.6151","2.8489"
"22.8800","2.3806","1.3513","0.0006","2.2839","34.6129","2.8514"
"22.9000","2.3827","1.3514","-0.0029","2.2860","34.6149","2.8540"
"22.9200","2.3849","1.3514","0.0024","2.2881","34.6151","2.8567"
"22.9400","2.3867","1.3515","0.0024","2.2899","34.6189","2.8589"
"22.9600","2.3885","1.3515","0.0010","2.2917","34.6185","2.8612"
"22.9800","2.3905","1.3514","-0.0019","2.2938","34.6160","2.8637"
"23.0000","2.3926","1.3513","-0.0014","2.2959","34.6132","2.8664"
"23.0200","2.3949","1.3512","0.0048","2.2981","34.6115","2.8692"
"23.0400","2.3970","1.3513","0.0014","2.3002","34.6144","2.8718"
"23.0600","2.3991","1.3514","-0.0009","2.3023","34.6151","2.8744"
"23.0800","2.4008","1.3512","-0.0016","2.3041","34.6118","2.8766"
"23.1000","2.4027","1.3510","-0.0006","2.3060","34.6044","2.8790"
"23.1200","2.4048","1.3506","0.0054","2.3081","34.5956","2.8816"
"23.1400","2.4069","1.3505","0.0012","2.3102","34.5932","2.8842"
"23.1600","2.4089","1.3504","-0.0038","2.3122","34.5910","2.8867"
"23.1800","2.4108","1.3502","0.0000","2.3141","34.5851","2.8891"
"23.2000","2.4128","1.3499","0.0031","2.3160","34.5777","2.8916"
"23.2200","2.4146","1.3496","0.0030","2.3179","34.5686","2.8939"
"23.2400","2.4166","1.3492","-0.0017","2.3199","34.5597","2.8964"
"23.2600","2.4188","1.3489","-0.0023","2.3221","34.5518","2.8991"
"23.2800","2.4209","1.3486","0.0034","2.3241","34.5440","2.9016"
"23.3000","2.4228","1.3484","0.0005","2.3261","34.5392","2.9041"
"23.3200","2.4248","1.3481","0.0000","2.3281","34.5324","2.9066"
"23.3400","2.4269","1.3477","0.0014","2.3302","34.5221","2.9092"
"23.3600","2.4289","1.3473","-0.0014","2.3321","34.5112","2.9116"
"23.3800","2.4308","1.3469","0.0018","2.3340","34.5011","2.9140"
"23.4000","2.4328","1.3464","0.0001","2.3360","34.4886","2.9165"
"23.4200","2.4347","1.3460","0.0016","2.3379","34.4770","2.9189"
"23.4400","2.4367","1.3456","0.0019","2.3400","34.4663","2.9214"
"23.4600","2.4388","1.3451","-0.0025","2.3420","34.4535","2.9240"
"23.4800","2.4409","1.3445","0.0016","2.3442","34.4403","2.9267"
"23.5000","2.4428","1.3441","0.0002","2.3460","34.4290","2.9290"
"23.5200","2.4447","1.3435","0.0017","2.3479","34.4145","2.9314"
"23.5400","2.4467","1.3430","0.0025","2.3499","34.4006","2.9338"
"23.5600","2.4487","1.3424","-0.0026","2.3520","34.3857","2.9364"
"23.5800","2.4509","1.3419","-0.0001","2.3541","34.3729","2.9391"
"23.6000","2.4530","1.3414","0.0024","2.3562","34.3595","2.9417"
"23.6200","2.4550","1.3409","0.0027","2.3582","34.3458","2.9442"
"23.6400","2.4568","1.3402","-0.0007","2.3600","34.3292","2.9465"
"23.6600","2.4586","1.3396","-0.0021","2.3619","34.3124","2.9488"
"23.6800","2.4607","1.3388","0.0018","2.3639","34.2941","2.9514"
"23.7000","2.4628","1.3381","0.0025","2.3660","34.2754","2.9540"
"23.7200","2.4648","1.3375","0.0002","2.3681","34.2588","2.9565"
"23.7400","2.4667","1.3368","-0.0007","2.3700","34.2412","2.9589"
"23.7600","2.4687","1.3361","-0.0003","2.3720","34.2246","2.9614"
"23.7800","2.4706","1.3355","0.0005","2.3739","34.2092","2.9638"
"23.8000","2.4726","1.3348","0.0035","2.3758","34.1901","2.9662"
"23.8200","2.4747","1.3341","-0.0006","2.3780","34.1720","2.9689"
"23.8400","2.4768","1.3334","-0.0025","2.3800","34.1541","2.9714"
"23.8600","2.4788","1.3327","0.0024","2.3821","34.1363","2.9740"
"23.8800","2.4808","1.3319","0.0011","2.3841","34.1172","2.9765"
"23.9000","2.4830","1.3312","0.0017","2.3863","34.0993","2.9792"
"23.9200","2.4850","1.3306","-0.0015","2.3883","34.0833","2.9817"
"23.9400","2.4870","1.3298","-0.0004","2.3902","34.0626","2.9842"
"23.9600","2.4889","1.3290","0.0030","2.3921","34.0415","2.9865"
"23.9800","2.4908","1.3282","-0.0015","2.3940","34.0223","2.9889"
"24.0000","2.4928","1.3275","0.0021","2.3961","34.0024","2.9915"
"24.0200","2.4949","1.3266","0.0003","2.3981","33.9811","2.9940"
"24.0400","2.4970","1.3259","-0.0013","2.4002","33.9617","2.9967"
"24.0600","2.4989","1.3251","0.0022","2.4021","33.9416","2.9990"
"24.0800","2.5007","1.3242","-0.0002","2.4039","33.9189","3.0013"
"24.1000","2.5026","1.3234","0.0021","2.4059","33.8984","3.0037"
"24.1200","2.5047","1.3226","-0.0001","2.4080","33.8789","3.0063"
"24.1400","2.5069","1.3218","-0.0012","2.4101","33.8584","3.0090"
"24.1600","2.5090","1.3211","0.0022","2.4123","33.8386","3.0117"
"24.1800","2.5111","1.3204","-0.0007","2.4143","33.8207","3.0143"
"24.2000","2.5129","1.3196","0.0026","2.4161","33.8023","3.0165"
"24.2200","2.5147","1.3188","0.0009","2.4179","33.7796","3.0187"
"24.2400","2.5167","1.3178","-0.0034","2.4200","33.7550","3.0213"
"24.2600","2.5188","1.3170","0.0019","2.4221","33.7352","3.0239"
"24.2800","2.5209","1.3162","0.0015","2.4242","33.7153","3.0265"
"24.3000","2.5228","1.3155","0.0012","2.4261","33.6962","3.0290"
"24.3200","2.5248","1.3148","-0.0008","2.4281","33.6780","3.0314"
"24.3400","2.5267","1.3139","-0.0017","2.4300","33.6563","3.0338"
"24.3600","2.5287","1.3130","0.0032","2.4319","33.6314","3.0362"
"24.3800","2.5308","1.3122","0.0009","2.4341","33.6117","3.0389"
"24.4000","2.5329","1.3115","0.0008","2.4361","33.5947","3.0415"
"24.4200","2.5349","1.3108","0.0000","2.4381","33.5770","3.0439"
"24.4400","2.5368","1.3101","-0.0023","2.4401","33.5591","3.0464"
"24.4600","2.5389","1.3093","0.0024","2.4421","33.5369","3.0490"
"24.4800","2.5409","1.3085","0.0026","2.4442","33.5161","3.0515"
"24.5000","2.5428","1.3077","-0.0007","2.4460","33.4969","3.0539"
"24.5200","2.5448","1.3069","-0.0020","2.4480","33.4767","3.0563"
"24.5400","2.5467","1.3061","0.0003","2.4499","33.4551","3.0587"
"24.5600","2.5487","1.3053","0.0032","2.4519","33.4347","3.0612"
"24.5800","2.5507","1.3045","0.0003","2.4540","33.4151","3.0638"
"24.6000","2.5528","1.3038","-0.0011","2.4561","33.3957","3.0664"
"24.6200","2.5548","1.3030","0.0004","2.4580","33.3766","3.0688"
"24.6400","2.5566","1.3023","-0.0001","2.4598","33.3574","3.0710"
"24.6600","2.5586","1.3015","0.0003","2.4618","33.3367","3.0735"
"24.6800","2.5606","1.3006","0.0018","2.4639","33.3145","3.0761"
"24.7000","2.5628","1.2999","0.0000","2.4661","33.2956","3.0789"
"24.7200","2.5649","1.2992","-0.0016","2.4682","33.2779","3.0815"
"24.7400","2.5670","1.2985","0.0008","2.4703","33.2620","3.0841"
"24.7600","2.5689","1.2979","0.0008","2.4721","33.2448","3.0864"
"24.7800","2.5707","1.2970","0.0015","2.4740","33.2226","3.0887"
"24.8000","2.5728","1.2961","0.0000","2.4760","33.1989","3.0913"
"24.8200","2.5749","1.2954","-0.0021","2.4781","33.1805","3.0939"
"24.8400","2.5769","1.2947","0.0003","2.4802","33.1646","3.0965"
"24.8600","2.5788","1.2941","0.0001","2.4821","33.1479","3.0989"
"24.8800","2.5808","1.2933","0.0025","2.4840","33.1265","3.1013"
"24.9000","2.5827","1.2924","-0.0002","2.4860","33.1055","3.1037"
"24.9200","2.5846","1.2916","-0.0039","2.4879","33.0845","3.1061"
"24.9400","2.5867","1.2909","0.0021","2.4900","33.0650","3.1087"
"24.9600","2.5888","1.2902","0.0019","2.4921","33.0474","3.1113"
"24.9800","2.5908","1.2895","0.0009","2.4940","33.0292","3.1138"
"25.0000","2.5927","1.2888","-0.0014","2.4960","33.0111","3.1162"
"25.0200","2.5949","1.2881","-0.0019","2.4981","32.9933","3.1189"
"25.0400","2.5970","1.2874","0.0026","2.5002","32.9761","3.1215"
"25.0600","2.5989","1.2867","-0.0004","2.5021","32.9580","3.1239"
"25.0800","2.6008","1.2858","0.0007","2.5040","32.9350","3.1263"
"25.1000","2.6027","1.2849","0.0000","2.5060","32.9134","3.1287"
"25.1200","2.6047","1.2843","-0.0026","2.5079","32.8972","3.1311"
"25.1400","2.6068","1.2836","0.0024","2.5100","32.8802","3.1337"
"25.1600","2.6089","1.2829","0.0015","2.5122","32.8621","3.1364"
"25.1800","2.6109","1.2822","-0.0001","2.5142","32.8437","3.1389"
"25.2000","2.6127","1.2815","-0.0005","2.5160","32.8264","3.1412"
"25.2200","2.6146","1.2807","-0.0012","2.5179","32.8060","3.1436"
"25.2400","2.6167","1.2800","0.0021","2.5199","32.7863","3.1461"
"25.2600","2.6188","1.2793","0.0012","2.5221","32.7688","3.1488"
"25.2800","2.6210","1.2786","-0.0004","2.5242","32.7521","3.1515"
"25.3000","2.6231","1.2780","-0.0006","2.5263","32.7355","3.1541"
"25.3200","2.6249","1.2773","-0.0023","2.5282","32.7180","3.1564"
"25.3400","2.6267","1.2765","0.0028","2.5299","32.6961","3.1586"
"25.3600","2.6286","1.2756","0.0025","2.5319","32.6746","3.1610"
"25.3800","2.6307","1.2749","-0.0022","2.5340","32.6560","3.1636"
"25.4000","2.6328","1.2742","-0.0006","2.5361","32.6392","3.1663"
"25.4200","2.6348","1.2736","0.0002","2.5381","32.6234","3.1687"
"25.4400","2.6367","1.2729","0.0027","2.5400","32.6039","3.1712"
"25.4600","2.6387","1.2721","0.0010","2.5419","32.5853","3.1735"
"25.4800","2.6405","1.2713","-0.0014","2.5437","32.5628","3.1758"
"25.5000","2.6426","1.2705","0.0002","2.5458","32.5432","3.1785"
"25.5200","2.6447","1.2698","-0.0009","2.5480","32.5268","3.1811"
"25.5400","2.6468","1.2693","0.0017","2.5501","32.5118","3.1837"
"25.5600","2.6488","1.2686","0.0023","2.5521","32.4942","3.1862"
"25.5800","2.6509","1.2678","-0.0023","2.5541","32.4756","3.1888"
"25.6000","2.6530","1.2673","-0.0009","2.5562","32.4605","3.1914"
"25.6200","2.6548","1.2666","0.0016","2.5581","32.4431","3.1938"
"25.6400","2.6568","1.2658","0.0013","2.5601","32.4231","3.1962"
"25.6600","2.6588","1.2651","0.0007","2.5620","32.4054","3.1987"
"25.6800","2.6608","1.2644","-0.0018","2.5640","32.3882","3.2012"
"25.7000","2.6628","1.2637","0.0005","2.5661","32.3691","3.2037"
"25.7200","2.6648","1.2630","0.0010","2.5681","32.3516","3.2062"
"25.7400","2.6668","1.2623","0.0002","2.5701","32.3340","3.2087"
"25.7600","2.6686","1.2616","0.0021","2.5719","32.3146","3.2110"
"25.7800","2.6706","1.2608","-0.0023","2.5739","32.2942","3.2134"
"25.8000","2.6727","1.2600","-0.0012","2.5759","32.2751","3.2160"
"25.8200","2.6748","1.2593","0.0033","2.5780","32.2567","3.2187"
"25.8400","2.6769","1.2588","0.0005","2.5801","32.2431","3.2213"
"25.8600","2.6789","1.2582","-0.0004","2.5822","32.2276","3.2238"
"25.8800","2.6809","1.2575","-0.0010","2.5841","32.2113","3.2263"
"25.9000","2.6827","1.2567","0.0008","2.5859","32.1899","3.2285"
"25.9200","2.6847","1.2559","0.0022","2.5879","32.1686","3.2310"
"25.9400","2.6868","1.2551","-0.0005","2.5900","32.1497","3.2336"
"25.9600","2.6888","1.2545","0.0006","2.5921","32.1327","3.2362"
"25.9800","2.6908","1.2539","-0.0003","2.5940","32.1171","3.2386"
"26.0000","2.6927","1.2532","-0.0005","2.5960","32.1002","3.2411"
"26.0200","2.6947","1.2525","0.0030","2.5980","32.0819","3.2436"
"26.0400","2.6967","1.2518","0.0006","2.5999","32.0640","3.2460"
"26.0600","2.6988","1.2510","-0.0016","2.6020","32.0437","3.2486"
"26.0800","2.7008","1.2503","0.0005","2.6041","32.0258","3.2511"
"26.1000","2.7028","1.2495","0.0009","2.6060","32.0052","3.2536"
"26.1200","2.7048","1.2488","0.0015","2.6080","31.9878","3.2561"
"26.1400","2.7068","1.2481","-0.0002","2.6100","31.9696","3.2586"
"26.1600","2.7089","1.2474","-0.0003","2.6122","31.9518","3.2613"
"26.1800","2.7108","1.2468","0.0012","2.6141","31.9368","3.2636"
"26.2000","2.7127","1.2461","-0.0012","2.6160","31.9182","3.2660"
"26.2200","2.7146","1.2452","0.0027","2.6179","31.8954","3.2684"
"26.2400","2.7165","1.2444","0.0020","2.6198","31.8744","3.2708"
"26.2600","2.7186","1.2436","-0.0028","2.6219","31.8549","3.2734"
"26.2800","2.7207","1.2430","0.0009","2.6240","31.8380","3.2760"
"26.3000","2.7228","1.2423","0.0012","2.6261","31.8208","3.2787"
"26.3200","2.7246","1.2415","0.0022","2.6279","31.8016","3.2809"
"26.3400","2.7265","1.2406","0.0003","2.6297","31.7782","3.2832"
"26.3600","2.7285","1.2397","-0.0028","2.6318","31.7554","3.2858"
"26.3800","2.7307","1.2390","0.0025","2.6340","31.7365","3.2885"
"26.4000","2.7329","1.2383","0.0005","2.6362","31.7194","3.2912"
"26.4200","2.7350","1.2377","0.0011","2.6383","31.7028","3.2939"
"26.4400","2.7370","1.2371","0.0018","2.6403","31.6877","3.2963"
"26.4600","2.7387","1.2363","-0.0030","2.6420","31.6663","3.2985"
"26.4800","2.7407","1.2352","0.0019","2.6439","31.6396","3.3009"
"26.5000","2.7428","1.2343","0.0024","2.6460","31.6166","3.3035"
"26.5200","2.7449","1.2336","0.0000","2.6481","31.5972","3.3062"
"26.5400","2.7469","1.2329","-0.0006","2.6502","31.5792","3.3087"
"26.5600","2.7488","1.2321","-0.0009","2.6521","31.5597","3.3111"
"26.5800","2.7508","1.2311","0.0030","2.6540","31.5353","3.3135"
"26.6000","2.7526","1.2301","0.0007","2.6559","31.5092","3.3158"
"26.6200","2.7547","1.2291","0.0002","2.6579","31.4842","3.3184"
"26.6400","2.7568","1.2282","0.0008","2.6601","31.4607","3.3211"
"26.6600","2.7589","1.2274","-0.0012","2.6621","31.4400","3.3236"
"26.6800","2.7608","1.2265","0.0017","2.6641","31.4169","3.3261"
"26.7000","2.7628","1.2255","0.0021","2.6661","31.3905","3.3286"
"26.7200","2.7650","1.2245","-0.0002","2.6682","31.3659","3.3312"
"26.7400","2.7668","1.2235","-0.0010","2.6701","31.3403","3.3336"
"26.7600","2.7688","1.2225","0.0002","2.6720","31.3144","3.3360"
"26.7800","2.7707","1.2214","0.0016","2.6740","31.2868","3.3384"
"26.8000","2.7727","1.2203","0.0019","2.6759","31.2588","3.3409"
"26.8200","2.7747","1.2193","0.0000","2.6780","31.2314","3.3434"
"26.8400","2.7768","1.2181","0.0000","2.6800","31.2022","3.3460"
"26.8600","2.7789","1.2169","0.0006","2.6821","31.1718","3.3486"
"26.8800","2.7807","1.2157","0.0005","2.6840","31.1402","3.3509"
"26.9000","2.7827","1.2144","0.0036","2.6859","31.1069","3.3533"
"26.9200","2.7847","1.2131","-0.0007","2.6879","31.0737","3.3559"
"26.9400","2.7868","1.2118","-0.0026","2.6900","31.0403","3.3585"
"26.9600","2.7889","1.2106","0.0019","2.6922","31.0090","3.3612"
"26.9800","2.7910","1.2093","0.0016","2.6942","30.9753","3.3637"
"27.0000","2.7930","1.2078","0.0019","2.6962","30.9365","3.3662"
"27.0200","2.7947","1.2062","-0.0006","2.6980","30.8968","3.3684"
"27.0400","2.7967","1.2045","-0.0008","2.6999","30.8532","3.3708"
"27.0600","2.7988","1.2027","0.0012","2.7020","30.8070","3.3734"
"27.0800","2.8008","1.2010","0.0002","2.7041","30.7622","3.3760"
"27.1000","2.8028","1.1991","0.0035","2.7061","30.7143","3.3785"
"27.1200","2.8047","1.1971","-0.0001","2.7080","30.6622","3.3809"
"27.1400","2.8067","1.1948","-0.0030","2.7100","30.6053","3.3834"
"27.1600","2.8086","1.1923","0.0022","2.7119","30.5415","3.3857"
"27.1800","2.8106","1.1897","0.0025","2.7139","30.4731","3.3883"
"27.2000","2.8128","1.1867","0.0018","2.7160","30.3971","3.3909"
"27.2200","2.8148","1.1835","-0.0015","2.7181","30.3159","3.3935"
"27.2400","2.8169","1.1800","-0.0024","2.7201","30.2245","3.3960"
"27.2600","2.8189","1.1758","0.0029","2.7221","30.1172","3.3986"
"27.2800","2.8211","1.1710","0.0027","2.7243","29.9936","3.4013"
"27.3000","2.8230","1.1652","0.0006","2.7263","29.8466","3.4037"
"27.3200","2.8250","1.1584","-0.0017","2.7282","29.6723","3.4061"
"27.3400","2.8269","1.1499","-0.0023","2.7301","29.4556","3.4085"
"27.3600","2.8288","1.1392","0.0046","2.7320","29.1815","3.4109"
"27.3800","2.8308","1.1255","0.0033","2.7341","28.8302","3.4135"
"27.4000","2.8329","1.1074","-0.0028","2.7361","28.3649","3.4160"
"27.4200","2.8350","1.0821","-0.0010","2.7382","27.7190","3.4187"
"27.4400","2.8369","1.0452","0.0010","2.7401","26.7719","3.4210"
"27.4600","2.8388","0.9884","0.0036","2.7420","25.3176","3.4234"
"27.4800","2.8408","0.8981","0.0003","2.7441","23.0042","3.4260"
"27.5000","2.8433","0.6098","-0.0016","2.7466","15.6187","3.4291"
"27.5150","2.8453","0.2659","-0.0025","2.7485","6.8097","3.4315"

